KATEGORI,JUDUL,ISI,,KATEGORI,SYAIKH AL ALBANI,SYAIKH IBN BAZ,SYAIKH IBN UTSAIMIN,SYAIKH RABI',SYAIKH MUQBIL,SYAIKH FAUZAN,ULAMA SALAF,ULAMA KIBAR,LAJNAH DAIMAH
SYAIKH FAUZAN,HATI-HATI DARI MENGIKUTI HAWA NAFSU,"Berkata Asy-Syaikh al-Allamah Shaleh bin Fauzan al-Fauzan hafidzahullahu :

ÙØ§Ù„ÙˆØ§Ø¬Ø¨ Ø¹Ù„Ù‰ Ø§Ù„Ø§Ù†Ø³Ø§Ù† Ø§Ù† ÙŠØ­Ø°Ø± Ù…Ù† Ù‡ÙˆØ§Ù‡ , ÙØ§Ù†Ù‘Ù‡ Ù‚Ø¯ ÙŠØ³Ù„Ù… Ù…Ù† Ø¹Ø¨Ø§Ø¯Ø© Ø§Ù„Ø£ØµÙ†Ø§Ù… Ùˆ Ø§Ù„Ø£Ø­Ø¬Ø§Ø± Ùˆ Ø§Ù„Ø£Ø´Ø¬Ø§Ø± Ùˆ Ø§Ù„Ù‚Ø¨ÙˆØ± Ùˆ ÙŠØ¹Ø±Ù Ø§Ù„ØªÙˆØ­ÙŠØ¯ Ùˆ ÙŠØ¹Ø±Ù Ø§Ù„Ø³Ù†Ø© Ù„ÙƒÙ† Ù„Ù… ÙŠØ³Ù„Ù… Ù…Ù† Ø§ØªÙ‘Ø¨Ø§Ø¹ Ù‡ÙˆØ§Ù‡ Ùˆ Ù‡Ø°Ù‡ Ù…ØµÙŠØ¨Ø© Ø¹Ø¸ÙŠÙ…Ø© .

Maka yang wajib bagi seseorang, untuk ia berhati-hati dari mengikuti hawa nafsunya.

Terkadang seseorang selamat dari peribadatan kepada patung, batu-batuan, pohon keramat, kuburan, dan ia mengetahui tauhid, mengetahui sunnah...

Akan tetapi ia tidak selamat dari mengikuti hawa nafsunya.

Maka ini merupakan musibah yang besar.

ğŸ“š [Itihaful Qari' (1/72)]

Hawa nafsu bisa terjadi dari berbagai hal",,,,,,,,,,,
ULAMA SALAF,BUAH KEBAIKAN DAN BUAH KEJELEKAN,"Kebaikan dan keburukan adalah dua hal yang telah Allah tawarkan untuk manusia. Seorang hamba, diberi pilihan oleh Allah untuk memilih salah satu dari dua hal tersebut. Tetapi tentu, masing-masing dari kebaikan dan keburukan memiliki konsekuensi yang harus ditanggung oleh setiap hamba saat memilihnya. Orang-orang yang memilih kebaikan untuk dirinya, maka kelak kebaikan pula yang ia akan dapatkan. Demikian pula yang telah memilih keburukan untuk dirinya, maka keburukan pula yang berhak ia raih.

Seseorang yang memilih kebaikan, maka kebaikan itu akan mengantarkannya kepada kebaikan-kebaikan lain. Sebaliknya, siapa yang memilih keburukan, maka keburukan yang ia pilih pun akan menunjuki dan mengarahkannya kepada keburukan-keburukan lainnya.

Mengenai kebaikan yang bisa melahirkan kebaikan yang lain, maka Allah telah berfirman yang artinya, â€œDan orang-orang yang memilih petunjuk, maka Allah tambahkan untuknya ilmu dan Allah berikan kepada mereka ketakwaannya.â€ [Q.S. Muhammad 17]

Syaikh Abdurrahman bin Nashir As Saâ€™di rahimahullah menerangkan bahwa di dalam ayat yang mulia ini, Allah subhanahu wataâ€™ala menjelaskan keadaan orang-orang yang memilih petunjuk, mau beriman dan tunduk kepada-Nya serta mengikuti segala hal yang Allah ridhai, maka Allah akan tambahkan ilmu dan petunjuk sebagai bentuk balasan Allah kepada mereka. Allah berikan kepada mereka ketakwaan. Yakni, Allah subhanahu wataâ€™ala memberi taufik untuk melakukan kebaikan dan menjaga mereka dari segala bentuk keburukan. Oleh karenanya, Allah menyebutkan bahwa orang-orang yang memilih petunjuk, maka ia berhak mendapatkan dua balasan, ilmu yang bermanfaat dan amal saleh. [Tafsir as Saâ€™di]

Allah berfirman yang artinya, â€œDan orang-orang yang bersungguh-sungguh dalam meraih keridhaan Kami, maka pasti akan Kami beri mereka petunjuk untuk mengetahui jalan-jalan Kami .â€ [Q.S. Al â€˜Ankabut 69]

Allah juga menegaskan yang artinya, â€œDan adapun orang-orang yang mau berbagi (dengan harta mereka) dan bertakwa kepada Allah. Lalu ia juga membenarkan adanya surga. Maka sungguh Kami akan mudahkan baginya untuk mendapatkan kemudahan.â€ [Q.S. al Lail 5-7]. Yang dimaksud â€˜kemudahanâ€™ dalam ayat ini adalah jalan-jalan yang menuju surga-Nya.

Ayat-ayat yang semakna dengan ayat di atas sangatlah banyak. Intinya, bahwa kebaikan yang dilakukan seseorang, maka kebaikan tersebut akan menarik dan mengajak dia untuk melakukan kebaikan yang lain.

Demikian pula, keburukan yang satu akan melahirkan keburukan yang lainnya. Hal ini juga berlandaskan beberapa ayat-Nya. Allah berfirman, â€œâ€¦Maka ketika mereka melenceng (dari syariat Allah), maka Allah pun jadikan hati mereka pun semakin melenceng.â€ [Q.S. Ash Shaff 5] Asy Syaikh Abdurrahman bin Nashir as Saâ€™di t mengungkapkan bahwa ketika mereka melenceng dari kebenaran dengan sengaja, maka Allah pun selewengkan hati mereka. Hal ini berhak mereka dapatkan sebagai hukuman atas mereka yang telah memilih kesesatan. Maka Allah pun tidak memberikan taufik bagi mereka. Karena, mereka memang tidak berhak mendapatkan kebaikan dan hanya pantas mendapatkan kejelekan.

Allah subhanahu wataâ€™ala juga berfirman yang artinya, â€œAdapun orang-orang yang yang bakhil dan merasa cukup dari Allah. Dan ia mendustakan adanya surga. Maka Kami akan mudahkan baginya untuk menelusuri jalan-jalan yang sulit.â€ [Q.S. Al Lail 8-10] yakni, jalan-jalan yang menuju neraka-Nya.

Ayat-ayat yang semacam ini pun banyak. Kebaikan akan melahirkan kebaikan yang lain dan keburukan pun akan melahirkan keburukan yang lainnya. Kebaikan yang dipilih oleh seseorang di dunia, maka kelak ia pun akan memanen kebaikan pula di akhirat. Sebaliknya, keburukan yang dipilih seseorang di dunia, maka kelak ia pun akan memanen keburukan pula di akhirat. Maka, sekarang, tentukan pilihanmu! Wallahu aâ€™lam.",,,,,,,,,,,
SYAIKH IBN UTSAIMIN,KETIKA ENGKAU MARAH KEPADA PUTRA PUTRIMU,"al-'Allamah Muhammad bin Shalih al-'Utsaimin rahimahullah : 

 Tatkala anak-anakmu atau keluargamu membuat marah, biasakanlah lisanmu untuk mendo'akan mereka dengan kebaikan.

Sebagian orang mengatakan (ketika dia marah, pen) : 'Semoga Allah menghukummu!', 'Semoga Allah menghancurkanmu!', 'Semoga Allah hitamkan wajahmu!' atau ucapan 'Semoga Allah tidak memberikan taufiq di dunia dan di akhirat!' Ini adalah HARAM

 Namun BERSABARLAH...
 Kendalikanlah dirimu ...
 Doakan kebaikan untuk keluargamu.""

ğŸ“š Fatawa Liqa al-Bab al-Maftuh (187)


âœ… Ù‚Ø§Ù„ Ø§Ù„Ø¥Ù…Ø§Ù… Ø§Ø¨Ù† Ø¹Ø«ÙŠÙ…ÙŠÙ† - Ø±Ø­Ù…Ù‡ Ø§Ù„Ù„Ù‡ - :

Â« Ø¹ÙˆØ¯ Ù„Ø³Ø§Ù†Ùƒ Ø¥Ø°Ø§ Ø£ØºØ¶Ø¨Ùƒ Ø£ÙˆÙ„Ø§Ø¯Ùƒ Ø£Ùˆ Ø£Ù‡Ù„Ùƒ Ø£Ù† ØªØ¯Ø¹Ùˆ Ù„Ù‡Ù… Ø¨Ø§Ù„Ø®ÙŠØ±Ø› Ø¨Ø¹Ø¶ Ø§Ù„Ù†Ø§Ø³ ÙŠÙ‚ÙˆÙ„ : Ø§Ù„Ù„Ù‡ ÙŠØ£Ø®Ø°ÙƒØŒ Ø§Ù„Ù„Ù‡ ÙŠØ¯Ù…Ø±ÙƒØŒ Ø§Ù„Ù„Ù‡ ÙŠØ³ÙˆØ¯ ÙˆØ¬Ù‡ÙƒØŒ Ø§Ù„Ù„Ù‡ Ù„Ø§ ÙŠÙˆÙÙ‚Ùƒ Ù„Ø§ ÙÙŠ Ø§Ù„Ø¯Ù†ÙŠØ§ ÙˆÙ„Ø§ ÙÙŠ Ø§Ù„Ø¢Ø®Ø±Ø© !!Ø› ÙˆÙ‡Ø°Ø§ Ø­Ø±Ø§Ù…Ø› Ø§ØµØ¨Ø±ØŒ ÙˆØ·Ù† Ù†ÙØ³ÙƒØŒ ÙˆØ§Ø¯Ø¹ Ù„Ø£Ù‡Ù„Ùƒ Ø¨Ø§Ù„Ø®ÙŠØ±Â»

ğŸ“š [Â«ÙØªØ§ÙˆÙ‰ Ù„Ù‚Ø§Ø¡ Ø§Ù„Ø¨Ø§Ø¨ Ø§Ù„Ù…ÙØªÙˆØ­Â» (187)

Arti haram diatas adalah, tidak bolehnya mendoakan kejelekan kepada anak kandung sendiri, darah daging sendiri.

Karena apabila Allah langsung mengabulkan doa kita, maka kejelekan akan menimpa anak-anak kita, dan akan membuat kesulitan bagi mereka dan penyesalan untuk kita dikemudian hari.

Maka dari itu doakanlah kebaikan bagi mereka, paling tidak doa yang baik itu akan kembali kepada kita sendiri, semisal Allah menahan doa kita bagi mereka. Wallahul muwaffiq.",,,,,,,,,,,
ULAMA SALAF,JADILAH ENGKAU SEORANG YANG PENYAYANG TERHADAP ANAK-ANAKMU,"Abul Hasan Ali bin Khalaf bin Abdil Malik bin Batthal rahimahullah (w. 449 H) berkata :
 
""Menyayangi anak kecil, memeluknya, menciumnya, dan berlemah lembut kepadanya termasuk amalan-amalan yang Allah ridhai dan akan diberi balasan pahala oleh Allah Ta'ala.

Tidakkah engkau perhatikan ucapan Nabi shallahu alahi wa sallam kepada Aqra' bin Haabis radhiyallahu 'anhu ketika dia menyampaikan kepada Nabi bahwa dia memilki 10 anak, namun dia tidak pernah mencium satupun dari mereka, Nabi shallallahu 'alaihi wa sallam pun bersabda,

Ù…Ù† Ù„Ø§ ÙŠØ±Ø­Ù… Ù„Ø§ ÙŠØ±Ø­Ù…

""Barang siapa yang tidak menyayangi, dia tidak akan disayangi""

Maka hal ini menunjukkan bahwa mencium anak kecil, menggendongnya, dan mengasihinya termasuk diantara perbuatan yang dengannya seseorang berhak mendapatkan rahmat Allah Ta'ala.
                   
Tidakkah engkau memperhatikan Nabi shallahu alahi wa sallam ketika menggendong Umamah putri Abul Ash di pundak beliau ketika shalat.

Padahal shalat amalan yang paling utama di sisi Allah Ta'ala,  bahkan beliau telah memerintahkan untuk senantiasa khusyuk dalam shalat, dan menghadapkan dirinya kepada Allah sepenuhnya.

Perbuatan Rasulullah menggendong anak tersebut tidaklah bertentangan dengan khusyuk yang diperintahkan di dalam shalat. Beliau tidak ingin menyusahkan anak itu kalau beliau tinggalkan, dan tidak beliau gendong dalam shalat.

Pada perbuatan Rasulullah shallallahu 'alaihi wa sallam tersebut terdapat suri tauladan yang sangat agung bagi kita.

Maka sudah seharusnya kita mencontoh beliau dalam menyayangi anak kecil dan yang besar, serta berlemah lembut terhadap mereka.

ğŸ“š [Syarh Shahih Bukhari, karya Ibnu Batthal juz 9 halaman 211-212]",,,,,,,,,,,
SYAIKH IBN BAZ,HUKUM MEMBICARAKAN URUSAN DUNIA DALAM MASJID,"Berkata Asy-Syaikh al-Allamah Abdul Aziz bin Abdillah bin Baaz rahimahullahu :

Berbincang-bincang perkara dunia dalam masjid : Apabila pembicaraannya dalam urusan dunia, berbincang dengan teman dan sahabat dalam urusan dunia mereka, kalau itu sedikit, sekedarnya maka tidak mengapa In syaa Allah.

Adapun kalau berlebihan, banyak maka ini MAKRUH.

Dibenci menjadikan masjid sebagai tempat untuk membicarakan urusan dunia.

Maka sesungguhnya masjid-masjid itu dibangun dibangun untuk berdzikir kepada Allah, membaca Al-Qur'an, mengerjakan shalat-shalat lima waktu, dan selain itu dari perkara-perkara kebaikan seperti shalat-shalat sunnah, i'tikaf dan halaqah ilmu.

Adapun menjadikan masjid sebagai tempat untuk memperbincangkan urusan dunia, maka ini dibenci.

Namun apabila hanya sekedarnya, yang memang dibutuhkan tatkala ia mengucapkan salam kepada saudaranya tatkala berjumpa, bertanya tentang keadaannya dan juga keadaan anak-anaknya, atau sesuatu yang berkaitan dengan itu semua atau urusan dunia dengan tanpa memperpanjang pembicaraan, hanya sekedarnya saja, maka itu tidak mengapa.

ğŸ“š [Fatawa Nuur 'ala Darb (2/706)]",,,,,,,,,,,
SYAIKH IBN BAZ,ALHAMDULILLAH SELALU,"Bersyukur kepada Allah Taâ€™ala atas segala kondisi yang menimpa.

Dari Ummul Mukminin â€™Aisyah rodhiyallahu â€˜anha Beliau mengatakan : 

ÙƒÙØ§Ù†Ù Ø§Ù„Ù†Ù‘ÙØ¨ÙÙŠÙ‘Ù ØµÙÙ„Ù‘ÙÙ‰ Ø§Ù„Ù„Ù‡Ù Ø¹ÙÙ„ÙÙŠÙ’Ù‡Ù ÙˆÙØ³ÙÙ„Ù‘ÙÙ…Ù Ø¥ÙØ°ÙØ§ Ø£ÙØªÙØ§Ù‡Ù Ø§Ù„Ù’Ø£ÙÙ…Ù’Ø±Ù ÙŠÙØ³ÙØ±Ù‘ÙÙ‡Ù Ù‚ÙØ§Ù„Ù: Â«Ø§Ù„Ù’Ø­ÙÙ…Ù’Ø¯Ù Ù„ÙÙ„Ù‘ÙÙ‡Ù Ø§Ù„Ù‘ÙØ°ÙÙŠ Ø¨ÙÙ†ÙØ¹Ù’Ù…ÙØªÙÙ‡Ù ØªÙØªÙÙ…Ù‘Ù Ø§Ù„ØµÙ‘ÙØ§Ù„ÙØ­ÙØ§ØªÙÂ» ØŒ ÙˆÙØ¥ÙØ°ÙØ§ Ø£ÙØªÙØ§Ù‡Ù Ø§Ù„Ù’Ø£ÙÙ…Ù’Ø±Ù ÙŠÙÙƒÙ’Ø±ÙÙ‡ÙÙ‡ÙØŒ Ù‚ÙØ§Ù„Ù: Â«Ø§Ù„Ù’Ø­ÙÙ…Ù’Ø¯Ù Ù„ÙÙ„Ù‘ÙÙ‡Ù Ø¹ÙÙ„ÙÙ‰ ÙƒÙÙ„Ù‘Ù Ø­ÙØ§Ù„ÙÂ» Ù‡ÙØ°ÙØ§ Ø­ÙØ¯ÙÙŠØ«ÙŒ ØµÙØ­ÙÙŠØ­Ù Ø§Ù„Ù’Ø¥ÙØ³Ù’Ù†ÙØ§Ø¯ÙØŒ ÙˆÙÙ„ÙÙ…Ù’ ÙŠÙØ®ÙØ±Ù‘ÙØ¬ÙØ§Ù‡Ù ""

â€Dahulu Nabi shollallahu â€˜alaihi wasallam ; _ 
Apabila ada suatu perkara yang menggembirakan datang kepada beliau, ia mengatakan :

Â«Ø§Ù„Ù’Ø­ÙÙ…Ù’Ø¯Ù Ù„ÙÙ„Ù‘ÙÙ‡Ù Ø§Ù„Ù‘ÙØ°ÙÙŠ Ø¨ÙÙ†ÙØ¹Ù’Ù…ÙØªÙÙ‡Ù ØªÙØªÙÙ…Ù‘Ù Ø§Ù„ØµÙ‘ÙØ§Ù„ÙØ­ÙØ§ØªÙÂ»

Alhamdulillah (segala puji bagi Allah) dengan kenikmatan-kenikmatan dari-Nya segala kebaikan menjadi sempurna.

Apabila ada suatu perkara yang dibenci datang kepada beliau, ia mengatakan :

Â«Ø§Ù„Ù’Ø­ÙÙ…Ù’Ø¯Ù Ù„ÙÙ„Ù‘ÙÙ‡Ù Ø¹ÙÙ„ÙÙ‰ ÙƒÙÙ„Ù‘Ù Ø­ÙØ§Ù„ÙÂ»

Alhamdulillah (segala puji bagi Allah) atas segala kondisi (yang menimpa).

ğŸ“š [HR. Ibnu Majah no. 3803, Al-Hakim no. 1840, Ath-Thobaroni dalam â€œAd-Duâ€™a`â€ no. 1769, dan â€œAl-Ausathâ€ no. 6663, Ibnus Sunniy dalam â€œâ€™Amalul Yaum wal-lailahâ€ no. 378, Al-Baihaqi dalam â€œAl-Adabâ€ no. 718, â€œAd-Daâ€™awatul Kabirâ€ no. 376, dan â€œAsy-Syuâ€™abâ€ no. 4065. Derajat Hadits : Shohih, Dishohihkan Asy-Syaikh Al-Albani rohimahullah dalam â€œShohih Al-Jamiâ€™â€ no. 4640 dan 4727]

Asy-Syaikh Bin Baz rohimahullah menjelaskan : 
â€œBersabar tatkala mendapatkan musibah itulah yang wajib dilakukan oleh setiap muslim. Adapun ridho atau rela dengan keadaan itu sifatnya sunnah (dianjurkan). Apabila ia bisa bersyukur dikala itu maka inilah yang afdhol (lebih utama). 

( http://www.binbaz.org.sa/fatawa/2786 )",,,,,,,,,,,
ULAMA SALAF,SEBAB KESEDIHAN DAN GUNDAH GULANA,"Berkata al-Imam Ibnul Qayyim rahimahullahu :

Hanya saja kegundahan, duka cita dan kesedihan muncul dikarenakan 2 sebab :

 1. Cinta dunia dan ambisi kepadanya.

2. Kurang dalam beramal kebaikan dan ketaatan.

ğŸ“š ['Udatush Shabirin hal. 265]",,,,,,,,,,,
ULAMA SALAF,KEUTAMAAN SHOLAWAT,"Berkata Ibnul Qoyyim rahimahullah :

Sholawat kepada nabi adalah salah satu penyebab terkabulnya doa, diampuninya dosa-dosa, serta mendapat kecukupan dari ALLAH untuk hamba-Nya dari apa yang dia inginkan dan sebab kedekatan seorang hamba kepada Nabi shalallahu alaihi wa sallam.

ğŸ“š [Jalaaul Afhaam (1/445)]

Sholawat lengkap yakni sholawat ibrahimiyah, seperti apa yang kita ucapkan ketika membaca tasyahud.",,,,,,,,,,,
SYAIKH IBN UTSAIMIN,MENGGABUNGKAN ANTARA MENUNTUT ILMU DAN BERDAKWAH,"Asy Syaikh Muhammad bin Shalih Al â€˜Utsaimin rahimahullah :

ğŸ”’ *Pertanyaan* :
Manakah yang lebih afdhal bagi penuntut ilmu, menyibukkan dirinya dengan ilmu dan sekaligus berdakwah, atau menunggu hingga selesai dari menuntut ilmu baru kemudian berdakwah?

ğŸ”“ *Jawaban* :
Yang lebih afdhal adalah menggabungkan antara menuntut ilmu dan berdakwah, berdasarkan sabda Nabi shallallahu â€˜alaihi wasallam :

ïº‘ï» ï»ï»®ïº ï»‹ï»¨ï»² ï»­ï»Ÿï»® ïºï»³ïº”

â€œSampaikanlah dariku meskipun satu ayat.â€

ğŸ”’ Penanya :
Walaupun ilmunya hanya sedikit apakah dia tetap berdakwah atau dia mesti berdakwah dengan ilmu yang mencukupi?

ğŸ”“ğŸŒ¹ Asy Syaikh :
Tidak, dia mesti berdakwah dengan ilmu yang cukup, karena apabila ilmunya masih sedikit maka artinya : kalau dia sibuk dalam berdakwah dan pergi kesana kemari berarti tidak akan bertambah ilmunya, akan tetapi maksud kami jika dia seorang yang memiliki ilmu (yang cukup memadai) dan ingin menggabungkan antara keduanya (menuntut ilmu dan berdakwah) maka hendaklah dia melakukannya.

ğŸ“ Sumber Fatwa
http://binothaimeen.net/content/4102",,,,,,,,,,,
ULAMA SALAF,ADAB BUANG HAJAT,"Syaikh Abdul Aziz Muhammad As-Salman

Pertanyaan.
Tolong jelaskan hukum menghadap dan membelakangi kiblat ketika buang hajat berserta dalilnya. Jelaskan pula tentang perbedaan pendapat di antara ulama dalam masalah ini dan mana yang benar (rajih) ?

Jawaban.
Ada dua pendapat mengenai masalah ini.

Pendapat Pertama.
Menyatakan keharamannya, baik dilakukan di dalam bangunan (WC) ataupun diluar bangunan , berdasarkan hadits dari Abu Hurairah Radhiyallahu â€˜anhu dari Nabi Shallallahu â€˜alaihi wa sallam, beliau bersabda.

Artinya : Apabila salah seorang diantara kalian duduk untuk buang hajat, maka janganlah menghadap kiblat atau membelakanginya [Hadits Riwayat Muslim no. 265 dan ini lafalnya, dan Ahmad V/414,417, 421]

Begitu pula hadits dari Abu Ayyub Al-Anshari Radhiyallahu â€˜anhu dari Nabi Shallallahu â€˜alaihi wa sallam, beliau bersabda.

Artinya : Apabila kalian datang ke tempat buang hajat, maka janganlah kalian menghadap atau membelakangi kiblat ketika buang hajat besar atau kecil, tetapi menghadaplah ke Timur atau ke Barat.. [1]

Abu Ayyub Radhiyallahu â€˜anhu berkata, (Ketika) kami sampai di Syam lalu kami mendapati WC-WC di sana di bangun dengan posisi menghadap Kaâ€™bah, maka kami pun menyerongkan posisi duduk dan kami pun beristighfar (mohon ampun) kepada Allah [Bukhari no. 386 dan Muslim no 264]

Muslim no. 262 meriwayatkan dari Salman Radhiyallahu â€˜anhu, dia berkata.

Artinya : Rasulullah Shallallahu â€˜alaihi wa sallam sungguh-sungguh telah melarang kami menghadap kiblat ketika buang hajat besar dan kecil.

Pendapat Kedua.
Menyatakan bahwa harus dibedakan antara buang hajat di dalam bangunan (WC) dengan di tempat yang terbuka. Diharamkan menghadap atau membelakangi kiblat ketika buang hajat di tempat terbuka dan dibolehkan ketika berada di dalam bangunan (WC) berdasarkan hadits berikut.

Hadits Dari Ibnu Umar Radhiyallahu â€˜anhu, dia berkata.

Artinya : Pada suatu hari aku naik ke atas rumah Hafshah lalu terlihat olehku Rasulullah Shallallahu â€˜alaihi wa sallam sedang buang hajat dengan menghadap ke Syam dan membelakangi Kaâ€™bah [Hadits Riwayat Jamaâ€™ah] [2]

Hadits dari Jabir bin Abdullah Radhiyallahu â€˜anhu, dia berkata.

Artinya : Rasulullah Shallallahu â€˜alaihi wa sallam telah melarang kencing menghadap kiblat, akan tetapi setahun sebelum beliau wafat aku melihat beliau kencing menghadap kiblat [Hadits Riwayat Lima kecuali Nasaâ€™i] [3]

Dan hadits dari Aisyah Radhiyallahu â€˜anha, dia berkata, Disampaikan di hadapan Rasulullah Shallallahu â€˜alaihi wa sallam bahwa ada sebagian orang (sahabat) tidak suka menghadapkan kemaluan mereka ke arah kiblat, maka beliau Shallallahu â€˜alaihi wa sallam bersabda.

Artinya : Atau benar-benar mereka telah melakukan hal itu. Maka ubahlah tempat duduk-ku (di WC) dengan menghadap kiblat [Hadits Riwayat Ahmad dan Ibnu Majah] [4]

Begitu pula hadits dari Marwan Al-Ashfar, dia berkata, Aku melihat Ibnu Umar Radhiyallahu â€˜anhu menderumkan (mendudukkan) untanya menghadap kiblat lalu beliau kencing sedang beliau juga menghadap kiblat, maka aku bertanya, â€˜Wahai Abu Abdurrahman, bukankah Rasulullah Shallallahu â€˜alaihi wa sallam telah melarang hal itu ?â€™ Beliau menjawab, â€˜Memang betul, tetapi beliau melarang hal itu (dilakukan) di tanah yang lapang. Kalau di antara kamu dan kiblat itu ada sesuatu yang menutupi, maka tidak mengapa. [Hadist Riwayat Abu Daud no 11. Lihat Shahih Abu Daud no.8]

Adapun pendapat yang rajih (benar) menurut saya (Syaikh Abdul Aziz Al-Muhammad As-Salman) adalah mengamalkan hadits Abu Ayyub Radhiyallahu â€˜anhu karena itu yang lebih berhati-hati, yaitu menghadap atau membelakangi kiblat ketika buang hajat besar atau kecil di dalam bangunan atau di luar bangunan (tempat terbuka) adalah haram.

[Pendapat in juga telah dipilih oleh Syaikhul Islam Ibnu Taimiyah. Ibnu Al-Qayyim menjelasakan bahwa apa yang dilakukan oleh Rasulullah Shallallahu â€˜alaihi wa sallam (buang hajat dengan menghadap kiblat) adalah merupakan kekhususan beliau. Disamping itu, ada kaidah yang berbunyi, â€œApabila bertentangan antara ucapan Nabi Shallallahu â€˜alaihi wa sallam dengan perbuatan beliau, maka yang didahulukan adalah ucapannyaâ€. Contoh yang lain adalah beliau membatasi umatnya menikah tidak boleh lebih dari empat (yaitu lewat ucapannya), padahal beliau sendiri menikah dengan sembilan wanita (dan ini adalah perbuatannya), maka yang didahulukan adalah ucapannya]

Pertanyaan.
Sebutkan benda apa saja yang tidak boleh dipergunakan untuk ber-istijmar dan sertakan dalilnya!

Jawaban.
Haram bersuci dengan tulang, kotoran binatang, makanan, dan segala sesuatu yang dimuliakan. Dalilnya adalah hadits berikut.

Hadits dari Jabir Radhiyallahu â€˜anhu, dia berkata.

Artinya : Rasuulullah Shallallahu â€˜alaihi wa sallam telah melarang seseorang bersuci dengan tulang atau kotoran binatang [Hadist Riwayat Ahmad III/336,343, 384. Muslim no. 263, Abu Daud no. 38]

Hadits dari Salman Radhiyallahu â€˜anhu, dia berkata.

Artinya : Rasulullah Shallallahu â€˜alaihi wa sallam telah memerintahkan kami untuk bersuci dengan tidak kurang dari tiga batu, tanpa memakai kotoran binatang dan tulang [Hadits Riwayat Ahmad V/437, 438, Ibnu Majah no. 316. Dan lihat Shahih Muslim no. 262]

Dan hadits dari Abu Hurairah Radhiyallahu â€˜anhu dia berkata.

Artinya : Nabi Shallallahu â€˜alaihi wa sallam telah melarang beristinja dengan kotoran binatang atau tulang. Beliau bersabda. â€˜Sesungguhnya kedua-duanya tidak bisa mencucikan [Hadits Riwayat Ad-Daruquthni no. 9, beliau berkata, â€˜Sanadnya Shahih]

Adapun dalil tentang pengharaman istijmar dengan sesuatu yang dimuliakan seperti buku-buku fiqih atau hadits adalah karena perbuatan menggunakan kertas yang berisi tulisan tentang fiqih atau hadits untuk istijmar itu termasuk penghinaan dan pelecehan syariat. Oleh karena itu, keharamannya lebih utama dibandingkan dengan keharaman memakai kotoran binatang atau tulang.

Adapun dalil tentang pengharaman bersuci dengan memakai makanan adalah hadits riwayat Muslim [5] dari Ibnu Masâ€™ud Radhiyallahu â€˜anhu, dia berkata, â€œRasulullah Shallallahu â€˜alaihi wa sallam bersabda.

Artinya : Janganlah kalian bersitinjaâ€™ dengan memakai kotoran binatang atau dengan tulang karena sesungguhnya tulang itu makanan saudara kamu dari kalangan jin

Dari hadits ini bisa diambil kesimpulan bahwa keharaman ber-istijmar menggunakan makanan kita (manusia) itu lebih utama daripada keharaman menggunakan makanan jin (tulang).

Pertanyaan.
Bagaimana hukumnya mencukupkan diri hanya menggunakan salah satu dari dua cara ber-istinja, yaitu hanya menggunakan air saja atau hanya dengan batu saja (ber-istijmar) ? Bagaimana pula kalau kedua-duanya dilakukan ?

Jawaban.
Boleh mencukupkan diri hanya menggunakan salah satu dari kedua cara tersebut. Akan tetapi, bersitinja dengan mengunakan air itu lebih utama. Dan seandainya kedua cara itu dilakukan bersamaan, yaitu disamping mengunakan air juga menggunakan batu, maka itu lebih utama daripada menggunakan air saja. Hal ini berdasarkan hadits dari Abu Hurairah Radhiyallahu â€˜anhu dari Nabi Shallallahu â€˜alaihi wa sallam, beliau bersabda.

Artinya : Ayat berikut ini turun dimaksudkan kepada penduduk Quba, â€œDi dalam (masjid Quba) ada orang-orang yang suka bersuci (dengan menggunakan air) dan Allah mencintai orang-orang yang bersuci (dengan menggunakan air)â€. Rasulullah bersabda, â€œMereka (penduduk Quba) beristinja dengan menggunakan air ; maka ayat ini turun dimaksudkan untuk mereka. [Hadits Riwayat Abu Daud no.43, At-Tirmidzi no. 3100, Ibnu Majah no. 357. Lihat Shahih Abu Daud I/11 no.34 dan Shahih Ibnu Majah I/63 no. 268]

Al-Bazzar juga telah meriwayatkan hadits ini di dalam Musnad-nya dari Abu Hurairah Radhiyallahu â€˜anhu dengan lafal.

â€œArtinya : Ayat berikut ini turun dimaksudkan kepada penduduk Quba, Di dalam (masjid Quba) ada orang-orang yang suka bersuci (dengan menggunakan air) dan Allah mencintai orang-orang yang bersuci (dengan menggunakan air)â€. Lalu Rasulullah Shallallahu â€˜alaihi wa sallam menanyakan kepada mereka, mereka menjawab, â€œKami (dalam bersuci dari buang air) menggunakan batu terlebih dahulu kemudian setelah itu baru menggunakan air [6]

[Disalin dari kitab Al-Asâ€™ilah wa Ajwibah Al-Fiqhiyyah Al-Maqrunah bi Al-Adillah Asy-Syarâ€™iyyah jilid I]

Foote Note.
[1] Di Indonesia, menghadap ke Utara dan Selatan, karena Nabi Shallallahu â€˜alaihi wa sallam mengucapkan hadits ini di Madinah yang kiblatnya (Kaâ€™bah) ada di arah Selatan
[2] Bukhari no. 147 dan 2935, Muslim no.266, Abu Daud no.12, At-Tirmidzi no.11, An-Nasaâ€™i no. 23, Ibnu Majah no. 322, Ahmad II/12,13, Malik dalam Al-Muwaththaâ€™ no. 456 dan Ad-Darimi I/179
[3] Ahmad II/360, Abu Daud no.13 At-Tirmidzi no.9 dan Ibnu Majah no 324. Lihat Shahih Abu Daud no. 10 dan Shahih Ibnu Majah no. 261
[4] Ahmad VI/219,227, Ibnu Majah no.324, Lihat Dhaâ€™if Ibnu Majah no. 68 dan Adh-Dhaifah no.947
[5] Hadits no. 450. Dan lihat Al-Mustakhraj â€˜ala Shahih Muslim no. 966
[6] Kami belum menemukannya dalam Musnad Al-Bazzar. Namun Al-Haitsami telah menyebutkannya dalam Majam Az-Zawaid I/212, lalu beliau (Al-Haitsami) mengatajan bahwa dalam sanadnya ada perawi bernama Muhammad bin Abdul Aziz bin Umar Az-Zuhri yang didhaifkan (dilemahkan) oleh Bukhari, An-Nasaâ€™i dan yang lain. Lihat pula Tamamul Minnah hal.65
",,,,,,,,,,,
SYAIKH MUQBIL,BAGAIMANA WANITA SHALIHAH BERPERAN DEMI KEJAYAAN ISLAM?,"asy-Syaikh al-'Allamah Muqbil bin Hadi al-Wadi'i rahimahullah berkata :
 
Maka wajib atas seorang isteri melaksanakan tanggung jawab mentarbiyah (mendidik) putra-putranya dengan TARBIYAH ISLAMIYYAH.

Semoga Allah membalasnya dengan kebaikan atas pelayanan besar ini yang telah dia persembahkan untuk Islam.

ğŸ“š [Tuhfah al-Mujib 310]",,,,,,,,,,,
ULAMA SALAF,BIDâ€™AH SHOLAT NISHFU SYAâ€™BAN DAN SHOLAT ROGHOIB DI BULAN ROJAB,"Al-Imam An-Nawawi rahimahullah menjelaskan :

Sholat yang dikenal dengan Sholat Roghoib yakni sholat dua belas rokaâ€™at antara Maghrib dan Isyaâ€™ di malam Jumâ€™at pertama pada bulan Rojab, demikian pula Sholat Nishfu Syaâ€™ban (di pertengahan bulan Syaâ€™ban) sebanyak seratus rokaâ€™at; Dua jenis sholat ini adalah bidâ€™ah, perbuatan mungkar yang jelek.
Jangan tertipu dengan penyebutan dua macam sholat ini di dalam kitab : Quutul Qulub dan Ihya' â€˜Ulumid Dien.
Jangan pula tertipu dengan hadits yang disebutkan tentang keduanya, karena semua itu kebatilan. 
Jangan pula tertipu dengan sebagian imam yang bingung dalam menentukan hukum kedua sholat tersebut, sehingga menulis lembaran-lembaran kertas (menjelaskan) anjuran pelaksanaannya; Karena sesungguhnya ia telah salah dalam masalah itu.

ğŸ“š [Lihat Al-Majmuâ€™ Syarhul Muhadzzab (4/56)]

Bidâ€™ah dalam istilah agama adalah mengadakan suatu perkara baru dalam ibadah yang berupa ucapan, perbuatan, keyakinan yang tidak pernah disyariâ€™atkan Allah Subhanahu waTaâ€™ala. [Lihat Fatawa al-Lajnah ad-Daimah vol. 1 (2/456)]

Semoga Allah â€“Taâ€™ala- menjauhkan kita dari berbagai macam perbuatan bidâ€™ah. Aamiin

Wallahul Muwaffiq",,,,,,,,,,,
SYAIKH IBN UTSAIMIN,CARA MENGUSAP TELINGA DALAM WUDHU,"Syaikh Ibnu Utsaimin rahimahullah mengatakan

Mengusap kedua telinga, caranya seseorang memasukkan jari telunjuknya ke dalam lubang telinga. Tanpa menekannya sampai sakit, cukup dimasukkan ke lubang telinga. Sementara ibu jarinya mengusap luar telinga. Yaitu tempat setelah kepala.

ğŸ“š [Fatawa Nurun 'Alad Darb]

Sumber http://shamela.ws/browse.php/book-2300/page-1406",,,,,,,,,,,
ULAMA SALAF,APAKAH SEDEKAH BERPENGARUH DALAM MENGHINDARKAN COBAAN,"Sering sial? sering apes? atau mungkin kurang bahagia? sering ketimpa musibah? keluarga sering sakit-sakitan sampai jadi pelanggan tetap rumah sakit? sering ditipu orang? sering kemalingan?

Bisa jadi anda jarang bersedekah.

Padahal sedekah itu mudah, mulai dari senyuman, shalat dhuha, jasa, ilmu sampai harta bisa jadi sedekah.

Al-Imam Ibnul Qayyim al-Jauziyyah rahimahullah

Sesungguhnya shadaqah itu memiliki pengaruh yang menakjubkan dalam menolak berbagai cobaan, meskipun shadaqah itu berasal dari orang yang durhaka atau zhalim, bahkan dari orang kafir, maka sesungguhnya Allah ta'ala dengan sedekah tersebut menghindarkan berbagai musibah darinya. Hal ini merupakan perkara yang sudah diketahui di sisi manusia, kalangan khusus dan awam mereka serta penduduk di duniapun seluruhnya mengakuinya karena mereka telah mencobanya.

ğŸ“š [Al-Whabilush Shayyib]

Sumber http://www.sahab.net/forums/?showtopic=81106",,,,,,,,,,,
ULAMA KIBAR,WASPADAI ORANG YANG TERJANGKITI MANHAJ TAKFIR,"Haiah Kibarul Ulama mengatakan :

â€Ø§Ù„Ø¥Ø³Ù„Ø§Ù… Ø¨Ø±ÙŠØ¡ Ù…Ù† Ø§Ù„Ù…Ù†Ù‡Ø¬ Ø§Ù„ØªÙƒÙÙŠØ±ÙŠ Ø§Ù„ØµØ§Ø¯Ø± Ø¹Ù† ÙÙƒØ± Ù…Ù†Ø­Ø±Ù ÙˆØ¹Ù‚ÙŠØ¯Ø© Ø¶Ø§Ù„Ø©ØŒ ÙˆÙ‡Ùˆ Ù…Ø­Ø¶ Ø¥ÙØ³Ø§Ø¯ ÙˆØ¥Ø¬Ø±Ø§Ù… ØªØ£Ø¨Ø§Ù‡ Ø§Ù„Ø´Ø±ÙŠØ¹Ø© ÙˆØ§Ù„ÙØ·Ø±Ø©.

Islam berlepas diri dari manhaj takfir (mudah mengkafirkan sesama muslim) yang bersumber dari pemikiran yang menyimpang dan akidah yang sesat, dan itu murni merupakan perbuatan merusak dan kejahatan yang ditolak oleh syari'at dan fitrah.

BANYAK ORANG BINASA KARENA GAMPANG MENGKAFIRKAN ORANG LAIN

Al-Imam Ahmad bin Umar bin Ibrahim al-Qurthuby rahimahullah berkata :

â€Ø¨Ø§Ø¨ Ø§Ù„ØªÙƒÙÙŠØ± Ø¨Ø§Ø¨ Ø®Ø·ÙŠØ±ØŒ Ø£Ù‚Ø¯Ù… Ø¹Ù„ÙŠÙ‡ ÙƒØ«ÙŠØ± Ù…Ù† Ø§Ù„Ù†Ø§Ø³ ÙØ³Ù‚Ø·ÙˆØ§ØŒ ÙˆØªÙˆÙ‚Ù ÙÙŠÙ‡ Ø§Ù„ÙØ­ÙˆÙ„ ÙØ³Ù„Ù…ÙˆØ§ØŒ ÙˆÙ„Ø§ Ù†Ø¹Ø¯Ù„ Ø¨Ø§Ù„Ø³Ù„Ø§Ù…Ø© Ø´ÙŠØ¦Ø§.

Bab mengkafirkan adalah bab yang sangat berbahaya, banyak orang yang lancang menerjangnya sehingga mereka tersungkur (binasa), sedangkan orang-orang yang besar sangat berhati-hati padanya sehingga mereka selamat, dan tentunya kita tidak akan menukar keselamatan dengan apapun.

ğŸ“š [Al-Mufhim Lima Asykala min Talkhish Kitab Muslim, jilid 3 hlm. 111]

Sumber :
https://twitter.com/ssa_at/status/746465065247838209
https://twitter.com/fzmhm12121/status/820711472812670976",,,,,,,,,,,
ULAMA SALAF,"TENTARA ALLAH, MEREKALAH YANG MENANG DENGAN HUJJAH DAN LISAN","Berkata Al-Hafizh ibnu Katsir rahimahullah ta'ala :

Jalan menuju Allah itu pasti terdapat musuh-musuh yang senantiasa duduk di jalan tersebut, yakni untuk menghalangi dan menghadang para penempuhnya.

(Mereka adalah) orang-orang yang FASIH BERBICARA, BERILMU dan MEMPUNYAI HUJJAH - HUJJAH.

Dan wajib bagi engkau untuk mempelajari agama Allah yang akan menjadi SENJATA bagi engkau. Maka tentara Allah, merekalah yang menang dengan hujjah dan lisan sebagaimana mereka menang dengan pedang dan mata tombak.

Hanya saja yang dikhawatirkan adalah seorang yang bertauhid yang menempuh jalan (Allah) tetapi ia TIDAK MEMPUNYAI SENJATA.

ğŸ“š [Al-Bidayah wan Nihayah 14-40]",,,,,,,,,,,
ULAMA SALAF,BERSIKAP BIJAK DALAM SEMUA KONDISI,"Berkata sebagian salaf rahimahumullah :

Janganlah kamu termasuk dari orang yang apabila ridha terhadap sesuatu, maka keridhoan tersebut menyeretnya kepada perbuatan yang bathil.â—

Dan apabila marah, maka kemarahan itu menyebabkan dia keluar dari kebenaran.

ğŸ“š [Ighatsatul Lahafan Karya Imam Ibnul Qayyim rohimahullaah 1/74]",,,,,,,,,,,
ULAMA SALAF,BERDOALAH LANGSUNG KEPADA ALLAH TAâ€™ALA,"Allah Taâ€™ala berfirman : 

 Â« ÙˆÙÙ‚ÙØ§Ù„Ù Ø±ÙØ¨Ù‘ÙÙƒÙÙ…Ù Ø§Ø¯Ù’Ø¹ÙÙˆÙ†ÙÙŠ Ø£ÙØ³Ù’ØªÙØ¬ÙØ¨Ù’ Ù„ÙÙƒÙÙ…Ù’ Â»

Dan Tuhanmu berfirman, Berdoalah kepada-Ku, niscaya akan Kuperkenankan bagimu. [Al-Muâ€™min 60]

Berdoalah langsung kepada Allah Taâ€™ala niscaya dikabulkan.

Berkata Al-Imam Ibnu Katsir rahimahullah :
Yang demikian ini adalah keutamaan dari Allah Tabaraka waTaâ€™ala dan kedermawanan-Nya, Dimana Dia memerintahkan hamba-hambaNya untuk berdoa kepada Nya, kemudian menjamin terkabulnya doa itu bagi mereka. [Tafsir Ibn Katsir 7/153] 

Tapi banyak kita temui orang-orang malah justru berdoa menggunakan perantara orang-orang yang sudah mati. Mereka menyebut-nyebut nama si mati, entah kiyayi anu, syaikh ini, imam itu, sunan fulan dan sebagainya guna untuk melancarkan doa dan bertujuan agar doa tersebut diterima oleh Allah gara-gara menyebut nama si mayit. INI SALAH BESAR

Apabila kita tidak berdoa langsung kepada-Nya, Justru Allah Taâ€™ala akan murka kepada kita.

Rasulullah shalallahu â€˜alaihi wasallam bersabda :
 
Â«Ø¥ÙÙ†Ù‘ÙÙ‡Ù Ù…ÙÙ†Ù’ Ù„ÙÙ…Ù’ ÙŠÙØ³Ù’Ø£ÙÙ„Ù Ø§Ù„Ù„Ù‘ÙÙ‡Ù ÙŠÙØºÙ’Ø¶ÙØ¨Ù’ Ø¹ÙÙ„ÙÙŠÙ’Ù‡ÙÂ»

Sesungguhnya, orang yang tidak (berdoa) meminta kepada Allah, akan dimurkai-Nya. [HR. At-Tirmidzi 3373, Dari shahabat Abu Hurairah radhiyallahu â€˜anhu] Derajat Hadits Shahih. Dishahihkan Asy-Syaikh Al-Albani rahimahullah, dalam kitab Shahih Al-Jami' no. 2418

Mari berdoa langsung kepada Allah, meminta secara langsung, mengucap secara langsung, karena Allah Maha Melihat, Maha Mendengar dan Maha Mengetahui.

Betapa nikmat apabila doa kita dikabulkan. Semoga kita senantiasa bersemangat dalam berdoa, karena terkadang doa itu ditunda pengabulannya karena suatu hikmah yang kita tidak mengetahuinya.",,,,,,,,,,,
SYAIKH IBN UTSAIMIN,ADAB MEMAKAI JAM TANGAN,"Syaikh Muhammad bin Shalih al Utsaimin rahimahullah

ğŸ”’ Pertanyaan :
Hukum memakai jam di tangan kananâ“

ğŸ”“ Jawaban :

Memakai jam di tangan kanan atau kiri sama saja. Karena jam sangat mirip dengan cincin.

Dahulu Nabi shallallahu alaihi wasallam memakai cincin di tangan kiri dan kanannya.

Tetapi apabila seseorang memakainya di tangan kanan untuk mengesankan bahwa dia komitmen terhadap sunnah Nabi, maka hal ini dilarang. Karena sunnah tidak menjelaskan bahwa pemakainnya di tangan kanan.

Memakainya di tangan kiri lebih ditekankan bagi mayoritas manusia dan lebih baik untuk keselamatan jam itu sendiri. Karena tangan kanan sering digunakan untuk bekerja dan bergerak. Selain itu lebih memudahkan dikala ingin melihatnya.

Sebagai contoh, apabila seseorang sedang makan sementara dia memakai jam di tangan kanannya, maka terkadang membuatnya sulit untuk melihatnya namun lebih mudah baginya melihat ke tangan kirinya.

Bagaimana pun juga, tentang pemakaian jam ini ada kelonggaran. Jika dia menginginkan, maka boleh baginya untuk memakainya di tangan kanan atau kirinya.

[Silsilah Fataawa noor alad Darb 373]",,,,,,,,,,,
SYAIKH RABI',KHUSYU' DALAM SHALAT,"Berkata asy Syaikh Rabi' bin Hadiy al Madkhaliy rahimahullahu :

Bersemangatlah untuk khusyu' dalam shalatmu,

Dengan engkau melupakan urusan dunia,

Melupakan harta dan keluarga,

Melupakan segala seauatu (yang bisa menyibukan dalam shalat),

Dan tidaklah dalam benakmu, kecuali mengadirkan kebesaran Allah subhanahu wa ta'ala,

Serta mentadaburi apa yang engkau baca, dari ayat-ayat al Qur'an.

Maka yang demikian akan menambah iman.

ğŸ“š [Washaya Luqman al Hakim li ibnihi (hal. 100)]

Berusaha fokus dalam shalat, menghadirkan hati kita dalam setiap huruf ayat-ayat yang kita baca, memahami maknanya, merasa diawasi Allah, tinggalkan sejenak segala macam urusan duniawi, fokuskan semua panca indera di dalam shalat hanya untuk konsentrasi ibadah kepada Allah semata.",,,,,,,,,,,
SYAIKH RABI',BAGAIMANA KEADAANMU KETIKA ENGKAU BERSENDIRIAN?,"Berkata asy Syaikh Rabi' bin Hadi al Madkhaliy hafidzahullahu :

Hendaknya seorang hamba senantiasa bertaqwa kepada Allah...!!

Demi Allah, sesungguhnya anggota badan ini akan menjadi saksi.

Maka janganlah seorang hamba menyangka, ketika ia bersendirian tidak ada yang mengawasinya.
Anggota badanmu, demi Allah mereka akan menjadi saksi kelak...Allahu Akbar!!

Maka hendakanya seorang hamba, senantiasa menginstropeksi dirinya dimanapun ia berada.
Yakni diwaktu banyak orang ataupun sendirian.

Maka hendaknya ketika ia bersendirian lebih harus merasa diawasi oleh Allah Azza wa Jalla.

Dikarenakan hamba yang mukmin yang jujur, ketika ia bersendirian maka akan lebih nampak keimanannya, kekhusu'annya dan menangisnya ia karena takut kepada Allah...yang ini tidak ia tampakkan di hadapan manusia.

Maka orang yang seperti ini, yang tergolong dalam tujuh golongan yang Allah berikan naungan, pada suatu hari yang tidak ada naungan-Nya.

Seorang yang mengingat Allah dikala sendirian, maka berlinanglah kedua air matanya.

Adapun seorang munafik yang suka berbuat dosa, dikala ia bersendirian ia pun berbuat kerusakan, berbuat dholim, berbuat dosa dan menerjang keharaman Allah.

Berbeda dengan seorang mukmin yang jujur, maka dikala ia sendirian keadaannya lebih utama dibandingkan tatkala bersama manusia.
Maka jadilah kalian seperti mereka...!!

Semoga Allah memberi taufik kepadaku dan kepada kalian, dan menjauhkan dari kita kemunafikan (kita berlindung kepada Allah) dari seolah menampakkan kebaikan dan menyembunyikan kejelekan.

ğŸ“š [Kitab adz Dzari'ah (Juz 2 hal. 570-571)]",,,,,,,,,,,
ULAMA SALAF,MEMBACA AL-QUR'AN DENGAN TADABBUR/TAFAKKUR,"al-Imam Ibnul Qayyim rahimahullah berkata :

ÙÙÙ„ÙÙˆ Ø¹Ù„Ù… Ø§Ù„Ù†Ù‘ÙØ§Ø³ Ù…ÙØ§ ÙÙÙŠ Ù‚ÙØ±ÙØ§Ø¡ÙØ© Ø§Ù„Ù’Ù‚ÙØ±Ù’Ø¢Ù† Ø¨Ø§Ù„ØªØ¯Ø¨Ø± Ù„Ø§Ø´ØªØºÙ„ÙˆØ§ Ø¨Ù‡ÙØ§ Ø¹ÙÙ† ÙƒÙ„ Ù…ÙØ§ Ø³ÙˆØ§Ù‡ÙØ§ØŒ

Seandainya manusia mengetahui rahasia yang terdapat dalam membaca Al-Qur'an dengan penuh tadabbur 
(merenungkan), niscaya mereka akan menyibukkan diri dengannya tanpa selainnya.

ÙÙØ¥ÙØ°Ø§ Ù‚ÙØ±ÙØ£ÙÙ‡Ù Ø¨ØªÙÙƒØ± Ø­ÙØªÙ‘ÙÙ‰ Ù…Ø± Ø¨ÙØ¢ÙŠÙØ© ÙˆÙÙ‡ÙÙˆÙ Ù…ÙØ­Ù’ØªÙØ§Ø¬Ø§ Ø¥ÙÙ„ÙÙŠÙ’Ù‡ÙØ§ ÙÙÙŠ Ø´ÙÙÙØ§Ø¡ Ù‚Ù„Ø¨Ù‡ ÙƒØ±Ø±Ù‡Ø§ ÙˆÙÙ„ÙÙˆ Ù…Ø§Ø¦ÙØ© Ù…Ø±Ù‘Ø© ÙˆÙÙ„ÙÙˆ Ù„ÙÙŠÙ’Ù„ÙØ©ØŒ

Apabila dia membacanya dengan penuh tafakkur, ketika dia melewati sebuah ayat yang dia membutuhkan ayat itu untuk mengobati hatinya, niscaya dia akan mengulang-ulang ayat tersebut walaupun sebanyak seratus kali, walaupun semalam suntuk.

ÙÙ‚Ø±Ø§Ø¡Ø© Ø¢ÙŠÙØ© Ø¨ØªÙÙƒØ± ÙˆØªÙÙ‡Ù… Ø®ÙŠØ± Ù…Ù† Ù‚ÙØ±ÙØ§Ø¡ÙØ© Ø®ØªÙ…Ø© Ø¨ÙØºÙÙŠÙ’Ø± ØªØ¯Ø¨Ø± ÙˆØªÙÙ‡Ù…ØŒ
ÙˆØ£Ù†ÙØ¹ Ù„Ù„Ù‚Ù„Ø¨ ÙˆØ£Ø¯Ø¹Ù‰ Ø§Ù„Ù‰ Ø­ÙØµÙÙˆÙ„ Ø§Ù„Ø§ÙŠÙ…Ø§Ù† ÙˆØ°ÙˆÙ‚ Ø­Ù„Ø§ÙˆØ© Ø§Ù„Ù’Ù‚ÙØ±Ù’Ø¢Ù†ØŒ

Membaca satu ayat dengan penuh tafakkur dan memahaminya lebih baik dari pada membaca seluruh al-Qur'an hingga khatam (selesai) namun tanpa merenungkan dan memahaminya,
Dan yang demikian itu lebih bermanfaat bagi hati dan lebih kuat untuk bisa meraih keimanan dan merasakan manisnya al-Qur'an.
 
ÙˆÙÙ‡ÙØ°ÙÙ‡ ÙƒÙØ§Ù†ÙØª Ø¹ÙØ§Ø¯ÙØ© Ø§Ù„Ø³Ù‘Ù„Ù ÙŠØ±Ø¯Ø¯ Ø£Ø­Ø¯Ù‡Ù… Ø§Ù„Ø¢ÙŠØ© Ø¥Ù„Ù‰ Ø§Ù„ØµÙ‘ÙØ¨Ø§Ø­ØŒ

Demikianlah kebiasaan para salaf. Ada di antara mereka yang mengulang-ulang satu ayat hingga datang waktu subuh,

ÙˆÙÙ‚Ø¯ Ø«ÙØ¨Øª Ø¹ÙÙ† Ø§Ù„Ù†Ù‘ÙØ¨ÙÙŠ Ø£Ù†Ù‡ Ù‚ÙØ§Ù…Ù Ø¨ÙØ¢ÙŠÙØ© ÙŠÙØ±ÙØ¯Ù‘ÙØ¯Ù‡ÙØ§ Ø­ÙØªÙ‘ÙÙ‰ Ø§Ù„ØµÙ‘ÙØ¨Ø§Ø­ØŒ

Telah datang dari Nabi shallahu 'alahi wa sallam bahwa beliau mengulang-ulang sebuah ayat hingga shubuh, yaitu firman Allah Ta'ala:

(Ø¥ÙÙ† ØªÙØ¹ÙØ°Ø¨Ù‡ÙÙ… ÙÙØ¥ÙÙ†Ù‘ÙÙ‡ÙÙ… Ø¹ÙØ¨ÙØ§Ø¯Ùƒ ÙˆÙØ¥ÙÙ† ØªØºÙ’ÙØ± Ù„ÙÙ‡ÙÙ… ÙÙØ¥Ù†Ù‘ÙÙƒ Ø£ÙÙ†Ù’Øª Ø§Ù„Ù’Ø¹ÙØ²ÙÙŠØ² Ø§Ù„Ù’Ø­ÙÙƒÙÙŠÙ…)

""Jika Engkau mengadzab mereka maka sesungguh mereka adalah hamba-hamba-Mu. Jika Engkau mengampuni mereka maka sesungguhnya Engkau Maha Perkasa lagi Maha Bijaksana."" (al-Ma'idah : 118)

ÙÙ‚Ø±Ø§Ø¡Ø© Ø§Ù„Ù’Ù‚ÙØ±Ù’Ø¢Ù† Ø¨Ø§Ù„ØªÙÙƒØ± Ù‡ÙÙŠÙ Ø£ØµÙ„ ØµÙÙ„ÙØ§Ø­ Ø§Ù„Ù’Ù‚Ù„Ø¨.

Membaca al-Qur'an dengan penuh tafakkur merupakan pangkal kebaikan hati.""

Sumber :
Lihat kitab Miftaah Daar as-Sa'adah 1/187",,,,,,,,,,,
ULAMA SALAF,BAHAYA NAMIMAH (ADU DOMBA),"Berkata Yahya bin Abi Katsir rahimahullah

_â€œPelaku namimah bisa merusak hubungan manusia hanya dalam sesaat saja dengan kerusakan yang tidak bisa dilakukan oleh tukang sihir dalam sebulan.â€_

ğŸ“š [Hilyatul Auliya 3361]

ğŸ’¥ Padahal jaman sekarang, namimah sering kita temui di masyarakat. Berawal dari ghibah lalu dilanjutkan namimah, sehingga tercerai beraikan target hanya berawal dari gossip.

ğŸ‘‰ Begitu dahsyatnya keburukan namimah, hingga kita teringat akan kisah Rasulullah shalallahu alaihi wa sallam ketika melewati 2 kuburan, yang mana penghuninya sedang disegerakan siksanya. Lalu Rasulullah meletakkan ranting diatas 2 kuburan itu agar diringankan siksa mereka selama ranting tersebut belum kering.

â˜ Ketahuilah bahwa kenapa mereka disiksa? karena penghuni kuburan pertama melakukan namimah semasa hidupnya.

ğŸ‘‰ Sementara penghuni kuburan sebelahnya tidak membersihkan (mensucikan) dirinya dari cipratan air kencingnya.

Kisah dari hadits diatas adalah sebuah pelajaran berharga bagi manusia, bahwa siksa kubur benar-benar terjadi.",,,,,,,,,,,
ULAMA SALAF,HAKEKAT DUNIA SEPERTI AIR,"Mengapa Allah -subhanahu wata'ala- mempermisalkan dunia seperti air?

âœ… Sebagaimana dalam Firman-Nya:

""ÙˆØ§Ø¶Ø±Ø¨ Ù„Ù‡Ù… Ù…Ø«Ù„ Ø§Ù„Ø­ÙŠØ§Øª Ø§Ù„Ø¯Ù†ÙŠØ§ ÙƒÙ…Ø§Ø¡ Ø£Ù†Ø²Ù„Ù†Ø§Ù‡ Ù…Ù† Ø§Ù„Ø³Ù…Ø§Ø¡.""

""Dan berilah perumpamaan kepada mereka (manusia), kehidupan di dunia seperti air yang kami turunkan dari langit."" (al-Kahfi : 45)

ğŸ’¡ Para ahli hikmah berkata:

Ø´Ø¨Ù‘Ù‡ Ø§Ù„Ù„Ù‡ - Ø³Ø¨Ø­Ø§Ù†Ù‡ ÙˆØªØ¹Ø§Ù„Ù‰ - Ø§Ù„Ø¯ÙÙ‘Ù†ÙŠØ§ Ø¨Ø§Ù„Ù…Ø§Ø¡:

Allah -subhanahu wata'ala- mempermisalkan dunia seperti air:

-ï»·Ù†Ù‘ Ø§Ù„Ù…Ø§Ø¡ ï»» ÙŠØ³ØªÙ‚Ø±Ù‘ ÙÙŠ Ù…ÙˆØ¶Ø¹ØŒ ÙƒØ°Ù„Ùƒ Ø§Ù„Ø¯ÙÙ‘Ù†ÙŠØ§ ï»» ØªØ¨Ù‚Ù‰ Ø¹Ù„Ù‰ Ø­Ø§Ù„Ù ÙˆØ§Ø­Ø¯Ø©.

ğŸŒ¨ Karena AIR tidak bisa menetap pada satu tempat, begitu pula DUNIA tidak bisa terus menerus di atas satu keadaan yang sama. (Terkadang senang, terkadang sedih, ...dst. pen)

 -Ùˆï»·Ù†Ù‘ Ø§Ù„Ù…Ø§Ø¡ ÙŠØ°Ù‡Ø¨ Ùˆï»» ÙŠØ¨Ù‚Ù‰ØŒ ÙÙƒØ°Ù„Ùƒ Ø§Ù„Ø¯Ù†ÙŠØ§ ØªÙÙ†Ù‰. ÙˆÙ„Ø§ØªØ¨Ù‚Ù‰.

ğŸŒ¨ Karena AIR akan pergi menghilang dan tidak akan kekal pada satu tempat. Begitu pula DUNIA fana (sirna) dan tidak akan kekal abadi.

-Ùˆï»·Ù†Ù‘ Ø§Ù„Ù…Ø§Ø¡ ï»» ÙŠÙÙ‚Ø¯Ø± Ø£Ø­Ø¯ÙŒ Ø£Ù† ÙŠØ¯Ø®Ù„ÙÙ‡ Ùˆï»» ÙŠØ¨ØªÙ„Ù‘ØŒ ÙˆÙƒØ°Ù„Ùƒ Ø§Ù„Ø¯ÙÙ‘Ù†ÙŠØ§ ï»» ÙŠØ³Ù„Ù… Ø£Ø­Ø¯ÙŒ Ù…Ù† ÙØªÙ†ØªÙ‡Ø§ ÙˆØ¢ÙØªÙ‡Ø§.

ğŸŒ¨ Karena AIR tidak ada seorang pun yang bisa memasukinya (air) dalam keadaan tidak basah. Begitu pula DUNIA tidak ada seseorang pun yang selamat dari fitnah dunia dan penyakitnya.

-Ùˆï»·Ù†Ù‘ Ø§Ù„Ù…Ø§Ø¡ Ø¥Ø°Ø§ ÙƒØ§Ù† Ø¨Ù‚Ø¯Ø±Ù ÙƒØ§Ù† Ù†Ø§ÙØ¹Ù‹Ø§ Ù…ÙÙ†Ø¨ØªÙ‹Ø§ØŒ ÙˆØ¥Ø°Ø§ Ø¬Ø§ÙˆØ² Ø§Ù„Ù…Ù‚Ø¯Ø§Ø±Ù ÙƒØ§Ù† Ø¶Ø§Ø±Ø§Ù‹Ù‘ Ù…ÙÙ‡Ù„ÙƒÙ‹Ø§.
ÙˆÙƒØ°Ù„Ùƒ Ø§Ù„Ø¯ÙÙ‘Ù†ÙŠØ§ØŒ Ø§Ù„ÙƒÙØ§ÙÙ Ù…Ù†Ù‡Ø§ ÙŠÙ†ÙØ¹ØŒ ÙˆÙØ¶ÙˆÙ„ÙÙ‡Ø§ ÙŠØ¶Ø±Ù‘.

ğŸŒ¨ Karena AIR tatkala sesuai kadar (keperluan)nya maka akan menjadi bermanfaat dan akan menumbuhkan tanaman, akan tetapi jika air tesebut melampaui kadar (keperluan)nya maka akan menjadi malapetaka yang bisa mematikan.
Begitu pula DUNIA, apabila mengambil sesuai kadarnya maka akan bermanfaat baginya (tidak di sibukan dengan dunia), namun apabila berlebihan (dari kadar keperluannya) maka akan mencelakakan.

ğŸ“• Sumber:
Lihat kitab Tafsir al-Qurthubi 10/412
http://www.alifta.net/Fatawa/fatawaDetails.aspx?languagename=ar&BookID=2&View=Page&PageNo=1&PageID=13751",,,,,,,,,,,
ULAMA SALAF,ADAB MEMBACA AL QUR'AN,"Dari Nafi :

_â€œBahwasanya Ibnu Umar radhiyallahu anhu dahulu tatkala beliau membaca Alquran, beliau tidak suka untuk berbicara atau diajak bicara sampai beliau selesai dari apa yang diinginkan.â€_

ğŸ“š [Mushaannaf 7/119]",,,,,,,,,,,
SYAIKH IBN UTSAIMIN,PERMAINAN SYAITHON DENGAN AMALAN KEBID'AHAN,"Asy Syeikh Al Utsaimin rohimahullah:

ğŸŒ¤ Terkadang syaithon menghiasi ibadah seseorang sehingga hatinya menjadi lembut dan khusyu' sampai dia menangis tetapi sama sekali ibadahnya tidak memberinya manfaat apabila amalannya adalah bid'ah.

Syarah Riyadhus Sholihin 6/27",,,,,,,,,,,
ULAMA SALAF,TINGGALKAN BID'AH & AMALKAN SUNNAH,"Berkata Hudzaifah bin al-Yaman radhiyallaahu'anhu :

âœ‹ Semua ibadah yang tidak pernah dikerjakan oleh para sahabat Nabi maka kalian jangan melakukannyaâ€‹.

ğŸ”˜ Bersabda Rasulullah ï·º :

ğŸ“š ØªØ±ÙƒØªÙ ÙÙŠÙƒÙ… Ø´ÙŠØ¦ÙÙŠÙ†Ù ØŒ Ù„Ù† ØªØ¶ÙÙ„ÙˆØ§ Ø¨Ø¹Ø¯Ù‡Ù…Ø§ : ÙƒØªØ§Ø¨Ù Ø§Ù„Ù„Ù‡Ù ØŒ Ùˆ Ø³ÙÙ†Ù‘ÙØªÙŠ ØŒ Ùˆ Ù„Ù† ÙŠØªÙØ±Ù‘ÙÙ‚Ø§ Ø­ØªÙ‰ ÙŠÙØ±ÙØ¯Ø§ Ø¹Ù„ÙŠÙ‘Ù Ø§Ù„Ø­ÙˆØ¶Ù

_â€œAku meninggalkan dua perkara ditengah-tengah kalian dan kalian tidak akan tersesat (selama berpegang teguh dengan keduanya) yaitu : Al-Quran dan Sunnahku, dan keduanya tidak akan terpisah sampai keduanya mendatangiku di telaga.â€_

ğŸ“š [Shahih, diriwayatkan oleh Abu Hurairah Radhiyallah anhu, dalam Shahihul jaami' 2937]",,,,,,,,,,,
ULAMA SALAF,OBAT BAGI YANG TERTIMPA KESEMPITAN,"Syaikhul Islam Ibnu Taimiyyah rahimahullah mengatakan, obatnya adalah :

1âƒ£ Berlindung kepada Allah Ta'ala.

2âƒ£ Terus mengiba dan berdo'a.

3âƒ£ Mempelajari do'a-do'a yang diriwayatkan dari Nabi shallallahu 'alaihi wa sallam dan memperhatikan untuk berdo'a pada waktu-waktu yang mustajab, seperti :
ğŸ”¹Akhir malam,
ğŸ”¹Waktu-waktu antara adzan dan iqomat,
ğŸ”¹Ketika sujud,
ğŸ”¹Shalat sebelum salam.

4âƒ£ Disertai pula dengan istighfar.
Barangsiapa yang beristighfar (memohon ampun) kemudian bertaubat kepada-Nya, maka Allah Ta'ala beri dia kenikmatan yang baik hingga waktu yang sudah ditentukan.

5âƒ£ Konsisten dengan wirid dari dzikir-dzikir pagi dan petang, serta waktu menjelang tidur.

6âƒ£ Sabar menghadapi berbagai hambatan dan rintangan. Karena tidak lama lagi Allah Ta'ala akan menguatkan dia dengan pertolongan dari-Nya, dan menuliskan iman dalam qolbunya.

7âƒ£ Bersemangat untuk menyempurnakan pelaksanaan kewajiban-kewajiban, berupa shalat lima waktu, baik secara batin maupun zhahir. Karena shalat adalah tiang agama.

8âƒ£ Hendaknya yang menjadi kebiasaannya adalah ucapan : *Laahaula walaa quwwata illa billah* karena dengan ucapan itu :
ğŸ”¹Akan mampu menanggung beban berat,
ğŸ”¹Menahan berbagai penderitaan, dan
ğŸ”¹Meraih kedudukan yang tinggi dan tidak putus asa dari dosa.

ğŸ“š [Majmu' al-Fatawa 1/214]",,,,,,,,,,,
SYAIKH RABI',KEJELEKAN DAN MUSIBAH TERBESAR,"Berkata asy Syaikh al Allamah Rabi' bin Hadiy al Madkhaliy hafidzahullah :

âš  Jika terkumpul pada diri seseorang :

ğŸ‘‰ Jeleknya niatan 
ğŸ‘‰ Jeleknya pemahaman 

â˜Maka sungguh Allah ta'ala telah menginginkan baginya;

ğŸ’¥ Kejelekan yang besar dan mushibah yang sangat besar.

ğŸ“š [Marhaban Yaa Thalibal Ilmi (Hal. 36)]",,,,,,,,,,,
SYAIKH IBN UTSAIMIN,JANGAN MUDAH MEMVONIS KAFIR,"Ibnu â€˜Umar radhiyallahu â€˜anhu berkata, Rasulullah shallallahu â€˜alaihi wa sallam bersabda :

Ø£ÙÙŠÙ‘ÙÙ…ÙØ§Â Ø±ÙØ¬ÙÙ„ÙÂ Ù‚ÙØ§Ù„ÙÂ Ù„ÙØ£ÙØ®ÙÙŠÙ’Ù‡Ù:Â ÙŠÙØ§Â ÙƒÙØ§ÙÙØ±ÙØŒÂ ÙÙÙ‚ÙØ¯Ù’Â Ø¨ÙØ§Ø¡ÙÂ Ø¨ÙÙ‡ÙØ§Â Ø£ÙØ­ÙØ¯ÙÙ‡ÙÙ…ÙØ§ØŒÂ ÙÙØ¥ÙÙ†Ù’ÙƒÙØ§Ù†ÙÂ ÙƒÙÙ…ÙØ§Â Ù‚ÙØ§Ù„ÙÂ ÙˆÙØ¥ÙÙ„Ø§Ù‘ÙÂ Ø±ÙØ¬ÙØ¹ÙØªÙ’Â Ø¹ÙÙ„ÙÙŠÙ’Ù‡Ù

_â€œApabila seseorang menyeru kepada saudaranya, â€˜Wahai orang kafir,â€™ maka sungguh akan kembali sebutan kekafiran tersebut kepada salah seorang dari keduanya. Bila orang yang disebut kafir itu memang kafir, maka sebutan itu pantas untuknya. Bila tidak, maka sebutan kafir itu kembali kepada yang mengucapkan.â€_ ğŸ“š [HR. Al-BukhariÂ no. 6104 dan MuslimÂ no. 60]

ğŸ”˜ Abu Dzar radhiyallahu â€˜anhu juga menuturkan hal yang sama dari Rasulullah shallallahu â€˜alaihi wa sallam :

Ù…ÙÙ†Ù’Â Ø¯ÙØ¹ÙØ§Â Ø±ÙØ¬ÙÙ„Ø§Ù‹Â Ø¨ÙØ§Ù„Ù’ÙƒÙÙÙ’Ø±ÙÂ Ø£ÙÙˆÙ’Â Ù‚ÙØ§Ù„Ù:Â Ø¹ÙØ¯ÙÙˆÙ‘ÙÂ Ø§Ù„Ù„Ù‡ÙØ›Â ÙˆÙÂ ÙŠÙ’Ø³ÙÂ ÙƒÙØ°ÙÙ„ÙÙƒÙÂ Ø¥ÙÙ„Ø§Ù‘ÙÂ Ø­ÙØ§Ø±ÙØ¹ÙÙ„ÙÙŠÙ’Ù‡Ù

_â€œSiapa yang menyeru kepada seseorang dengan sebutan kekafiran atau ia mengatakan, â€˜Wahai musuh Allahâ€™, sementara yang dituduhnya itu tidak demikian maka sebutan tersebut kembali kepadanya.â€_ ğŸ“š [HR. Muslim no. 61]

ğŸŒ¹ Asy-Syaikh Muhammad bin Shalih al-â€™Utsaimin rahimahullah berkata : 

Menjatuhkan vonis kafir dan fasiq bukan urusan kita. Namun, permasalahan ini harus dikembalikan kepada Allah Azza wa Jalla dan Rasul-Nya. Sebab, ia termasuk hukum syariah yang rujukannya adalah al-Quran dan as-Sunnah. Maka dari itu, wajib ekstra hati-hati dan teliti dalam masalah ini.

Tidaklah seseorang dikafirkan dan dihukumi fasiq kecuali bila al-Qurâ€™an dan as-Sunnah telah menunjukkan kekafiran dan kefasikannya. Mengingat hukum asal seseorang yang nampak nyata ciri-ciri keislamannya adalah sebagai muslim sampai benar-benar terbukti adanya sesuatu yang menghapusnya berdasarkan dalil syarâ€™i. Tidak boleh bermudah-mudahan mengkafirkan seorang muslim atau menghukuminya sebagai fasiq.

ğŸ“š [al-Qawaâ€™idul Mutsla fi Shifatillahi waÂ Asma-ihil Husna,Â hlm. 87-88]",,,,,,,,,,,
SYAIKH IBN UTSAIMIN,KEUTAMAAN MENGHARAP PAHALA DALAM MENAFKAHI KELUARGA DAN ANAK-ANAK,"Dari Abi Mas'ud Al Anshari radhiyallahu anhu dari Nabi shalallahu alaihi wasallam bersabda :
_â€œBila seorang muslim menafkahi keluarganya dalam keadaan mengharap pahala, nafkah tersebut terhitung shadaqah baginya.â€_

ğŸ“š [HR. Al Bukhari (5351) dan Muslim (1002)]

ğŸŒ¹ Berkata Al Allamah Ibnu Utsaimin rahimahullah ta'ala :

Yahtasibuha yaitu mengharap pahala dari Allah 'azza wa jalla. Maka tidak termasuk hal itu orang yang memberi nafkah keluarganya dalam keadaan hatinya lalai. Dia membawa roti, lauk, daging dan makanan, tapi hatinya lalai, dia tidak mendapat keutamaan ini, dan tidak menjadi shadaqah baginya. 

Adapun bila dia mengharap pahala dengan hal itu, makanan tersebut menjadi shadaqah baginya.

Kebanyakan manusia lalai dan tidak mengharap pahala ini. Mereka memberi nafkah karena kebiasaan saja. Dan hadits ini semestinya menjadi pembatas untuk seluruh hadits yang mutlak yang menyebutkan bahwa menafkahi keluarga dan dirinya sendiri adalah shadaqah, itu semua berlaku jika disertai mengharap pahala.

ğŸ“š [Syarah Shahih Bukhari 5/116]",,,,,,,,,,,
SYAIKH FAUZAN,"MEMBATALKAN RENCANA WAKAF, APA HUKUMNYA?","Pertanyaan*
Seseorang ingin mewakafkan sebidang tanah, namun teman-temannya menyarankan untuk menahannya dan diwariskan kepada ahli warisnya saja. Akhirnya niatannya pun berubah untuk tidak mewakafkan tanah tersebut. Apakah ia atau ahli warisnya berdosa dalam hal ini? Berikanlah faedah kepada kami, Jazakumullahukhairan.

*Jawab*
ğŸ“¦ Selama wakaf belum terwujud, baru rencana dalam pikiran saja, dan ia ragu-ragu dalam hal ini, kemudian berubah pikiran dari rencana wakaf kepada yang lain, maka hal ini tidak mengapa.

â™»ï¸ Ia boleh berpindah kepada rencana lain yang lebih bermanfaat. 

ğŸ‘ Meninggalkan sebidang tanah untuk ahli warisnya yang membutuhkan lebih baik daripada mewakafkannya. Wallahu aâ€™lam. 

ğŸ“š [Al Muntaqa min Fatawa Al Fauzan]",,,,,,,,,,,
ULAMA SALAF,MENAFKAHI KELUARGA BESAR PAHALANYA,"Dari Abu Hurairah radhiyallahu 'anhu, Rasulullah ï·º bersabda :

(( Ø¯ÙÙŠÙ†ÙØ§Ø±ÙŒ Ø£Ù†Ù’ÙÙÙ‚Ù’ØªÙÙ‡Ù ÙÙŠ Ø³ÙØ¨ÙŠÙ„Ù Ø§Ù„Ù„Ù‡ÙØŒ ÙˆÙØ¯ÙÙŠÙ†Ø§Ø± Ø£ÙÙ†Ù’ÙÙÙ‚Ù’ØªÙÙ‡Ù ÙÙÙŠ Ø±ÙÙ‚ÙØ¨ÙØ©ÙØŒ ÙˆÙØ¯ÙÙŠÙ†Ø§Ø±ÙŒ ØªÙØµÙØ¯Ù‘ÙÙ‚Ù’ØªÙ Ø¨ÙÙ‡Ù Ø¹ÙÙ„ÙÙ‰ Ù…ÙØ³Ù’ÙƒÙÙŠÙ†ÙØŒ ÙˆÙØ¯ÙÙŠÙ†ÙØ§Ø±ÙŒ Ø£Ù†Ù’ÙÙÙ‚Ù’ØªÙÙ‡Ù Ø¹ÙÙ„ÙÙ‰ Ø£Ù‡Ù’Ù„ÙÙƒÙØŒ Ø£Ø¹Ù’Ø¸ÙÙ…ÙÙ‡ÙØ§ Ø£Ø¬Ù’Ø±Ù‹Ø§ Ø§Ù„Ù‘ÙØ°ÙÙŠ Ø£ÙÙ†Ù’ÙÙÙ‚Ù’ØªÙÙ‡Ù Ø¹ÙÙ„ÙÙ‰ Ø£Ù‡Ù’Ù„ÙÙƒÙ ))

ğŸ”¹""Dinar yang engkau infakkan di jalan Allah,
ğŸ”¹dinar yang engkau infakkan untuk membebaskan budak,
ğŸ”¹dinar yang engkau sedekahkan kepada orang miskin, dan
ğŸ”¹dinar yang engkau berikan sebagai nafkah keluargamu,
ğŸ”¹yang paling besar pahalanya adalah yang engkau nafkahkan kepada keluargamu.""

ğŸ“š [HSR. Muslim 1661]

*NAFKAH WAJIB LEBIH BESAR PAHALANYA DARIPADA SEDEKAH SUNNAH*

ğŸŒ¹ Abu Qilabah rahimahullah mengatakan,

ğŸ’¡ ""Siapa yang lebih besar pahalanya daripada orang menafkahi keluarganya yang masih kecil-kecil.

ğŸ’ Allah menjadikan mereka iffah (menahan dari perilaku rendah, seperti meminta-minta) karenanya.

â˜ Allah mencukupi mereka dengan perantaraan orang itu.""

ğŸ“š [disebutkan dalam Shahih Muslim hadist no 1660]

ÙˆØ£ÙŠÙ‘Ù Ø±Ø¬Ù„Ù Ø£Ø¹Ø¸Ù…Ù Ø£Ø¬Ø±Ø§Ù‹ Ù…Ù† Ø±Ø¬Ù„Ù ÙŠÙ†ÙÙ‚Ù Ø¹Ù„Ù‰ Ø¹ÙŠØ§Ù„Ù Ù„Ù‡ ØµØºØ§Ø± ÙŠÙØ¹ÙÙÙ‘ÙÙ‡Ù… Ø§Ù„Ù„Ù‡ Ø¨Ù‡ ØŒ ÙˆÙŠÙØºÙ†ÙŠÙ‡Ù… Ø§Ù„Ù„Ù‡ Ø¨Ù‡ 

",,,,,,,,,,,
LAJNAH DAIMAH,"HUKUM SESEORANG YANG MELAKUKAN BEBERAPA PELANGGARAN SEPERTI ISBAL DALAM BERPAKAIAN, MENCUKUR JENGGOT, GHIBAH, DAN MENGADU DOMBA","Pertanyaan Pertama dari Fatwa Nomor : 6632

ğŸ”’ *Pertanyaan* : 
Apa hukumnya seseorang yang melakukan beberapa pelanggaran seperti isbal dalam berpakaian, mencukur jenggot, menonton video porno, ghibah, mengadu domba, memanjangkan kuku bagi kaum laki-laki, malas melaksanakan shalat di masjid, bercampurnya laki-laki dengan perempuan di bioskop dan pesta, serta makan dan minum dengan tangan kiri tanpa ada uzur di tangan kanannya?

ğŸ”“ *Jawaban* : 
Dengan perilakunya tersebut, dia dianggap sebagai pelaku maksiat. 

Sebaiknya, dia dinasihati dan dibimbing supaya Allah memberinya hidayah, serta didorong untuk melakukan tobat sebenar-benarnya, memperbanyak amal saleh dan istighfar.

Mudah-mudahan Allah menerima tobatnya dan mengampuninya.

Wabillahittaufiq, wa Shallallahu 'ala Nabiyyina Muhammad wa Alihi wa Shahbihi wa Sallam.

ğŸ“š [Al-Lajnah ad-Daimah Lilbuhutsil Ilmiyyah wal Ifta']

Ketua 
Syaikh Abdul Aziz bin Abdullah bin Baz rahimahullah",,,,,,,,,,,
SYAIKH IBN UTSAIMIN,ARTI KEHIDUPAN YANG BAIK,"Syaikh Ibnu al-'Utsaimin rahimahullah

Kehidupan yang baik itu bukanlah artinya selamat dari segala yang merugikan, kemiskinan, dan kesedihan sebagaimana dipahami sebagian orang, namun kehidupan yang baik itu adalah seseorang dalam kondisi baik hatinya, lapang dadanya, dan tentram dengan ketentuan dan takdir Allah ta'ala, 

Sehingga jika dia mendapatkan kesenangan dia pun bersyukur, dan itu adalah kebaikan baginya. Ketika mendapatkan kesulitan, dia pun bersabar dan itu pun kebaikan baginya.

ğŸ‘ Inilah arti kehidupan yang baik yakni senangnya hati.

ğŸ“š [Fatawa Islamiyyah]

ğŸ“ Sumber Fatwa
http://www.sahab.net/forums/index.php?showtopic=144012",,,,,,,,,,,
SYAIKH IBN BAZ,NASEHAT UNTUK CALON MERTUA,"Asy Syeikh Bin Baaz rohimahullah :

âœ… Hendaknya seorang laki laki mencari wanita yang solihah, demikian pula seorang wanita dan wali mereka hendaknya mencari LAKI LAKI YANG SHOLIH, jangan kemudian ASAL DATANG laki laki dari kalangan orang kafir dari orang yang tidak sholat (asy Syeikh berpendapat kafirnya orang adalah yang meninggalkan sholat), juga dari kalangan laki laki peminum khomer, dan orang yang suka mabuk, yang mana mereka ini akan memudhoroti istri mereka dan tidak mendatangkan manfaat.

ğŸ”† Selayaknya bagi wanita dan wali mereka janganlah yang menjadi ambisi mereka bahwa calon menantu mereka itu harus fulan bin fulan, atau sudah punya pekerjaan, atau seorang pedagang, sudah mapan, kaya raya atau dia masih single.

ğŸ“› Bukan ini timbangannya!!

ğŸƒ Hendaknya dipilih laki laki yang SHOLIH walaupun FAQIR!! Allah akan mencukupi dari keutamaannya.

ğŸŒ· Sebagaimana firman Allah:
""Dan nikahkanlah anak anak janda kalian, dan budak kalian yang sholih dan sholihah, apabila mereka faqir maka Allah akan mencukupinya dengan keutamaannya"" (surat An Nuur 32)

ğŸŒ· Dan didalam hadist *""3 orang yang menjadi hak Allah untuk membantu mereka"""" yang mana Nabi Shollallahu Alaihi Wa Sallam menyebutkan diantara mereka yaitu :
1. orang yg berjihad dijalan allah.
2. Seorang budak yg berjuang memerdekakan dirinya.
3. orang yang menikah untuk menjaga dirinya.

ğŸ‰ Orang yang menikah untuk menjaga dirinya maka Allah akan bantu dia, walaupun dengan dia BERHUTANG, walaupun dia MEMINJAM, walaupun dengan cara membeli dengan tempo waktu, kemudian dia menjualnya, kemudian dia menikah maka *ALLAH AKAN BANTU DIA* dan Allah yang akan menggantinya.

ğŸŒ· Sebagaimana sabda Nabi Shollallahu Alaihi Wa Sallam : ""Barangsiapa yang mengambil (dengan keridhoan pemilik) harta manusia dan dia berniat akan menggantinya, maka Allah akan menggantinya, barang siapa yang mengambil harta manusia dengan niat untuk menghancurkannya, maka Allah akan menghancurkannya""

â€¢â€¢â€¢â€¢â€¢â€¢â€¢â€¢â€¢â€¢â€¢â€¢â€¢â€¢â€¢â€¢â€¢â€¢â€¢â€¢â€¢â€¢â€¢â€¢â€¢â€¢

ğŸ“¥ Sumber: Idzharul Bayyinaat 'An Mahasinit Ta'adduduz Zaujaat 9-10.",,,,,,,,,,,
SYAIKH IBN BAZ,HUKUM SESEORANG YANG SUDAH MANDI JANABAH KEMUDIAN MENDAPATI BAGIAN TUBUH YANG TIDAK TERKENA AIR,"Syaikh Ibnu Baz rahimahullah

ğŸ”’ *Pertanyaan* :
Suami atau istri telah melakukan mandi wajib, namun setelah itu keduanya mendapati bagian tubuh yang tidak terkena air, wajibkah keduanya mengulangi mandi?

ğŸ”“ *Jawaban* :
Apabila keduanya meyakini dengan kuat adanya bagian tubuh yang tidak terkena air, maka cukup dibasuh bagian yang tidak terkena air itu saja.

ğŸ“ Sumber Fatwa
http://www.binbaz.org.sa/node/16826

ğŸ‘‰ Jangan lupa mandi jumat dan janabah bagi laki-laki sebelum berangkat shalat jumat, karena hukum mandi jumat adalah wajib bagi para laki-laki.",,,,,,,,,,,
SYAIKH IBN BAZ,SHALAT SUNNAH WUDHU YANG UTAMA ADALAH BERSEGERA MELAKUKANNYA SETELAH WUDHU,"Syaikh Abdul Aziz bin Abdullah bin Baz rahimahullah

ğŸ”’ *Pertanyaan* :
Shalat sunnah wudhu, apakah disyariatkan untuk melakukannya langsung sesudah wudhu, ataukah boleh mengakhirkannya karena adanya kesibukan, disertai tetapnya niat untuk menunaikannya setelah selesai dari kesibukan, manakah yang utama pada dua kondisi ini?

ğŸ”“ *Jawaban* :
Yang utama adalah bersegera untuk shalat, utamanya setelah wudhu, hendaknya dia bersegera untuk shalat dua rakaat, dan jika dia disibukkan dari mengerjakannya dan  melakukan shalat sunnah tersebut setelah selesai dari kesibukannya itu, tidak masalah, semuanya baik, namun yang utama adalah bersegera melakukannya.

ğŸ“ Sumber Fatwa
http://www.binbaz.org.sa/node/15584",,,,,,,,,,,
ULAMA SALAF,Permisalan Dosa Yang Menimpa Hati,"Permisalan Dosa Yang Menimpa Hati*

ğŸŒ¹ Al-Imam Ibnul Jauzy rahimahullah berkata :

ÙˆÙ‚ÙˆØ¹ Ø§Ù„Ø°Ù†Ø¨ Ø¹Ù„Ù‰ Ø§Ù„Ù‚Ù„Ø¨ ÙƒÙˆÙ‚ÙˆØ¹ Ø§Ù„Ø¯Ù‡Ù† ÙÙŠ Ø§Ù„Ø«ÙˆØ¨ØŒ Ø¥Ù† Ù„Ù… ØªÙØ¹Ø¬Ù‘Ù„ ØºØ³Ù„Ù‡ ÙˆØ¥Ù„Ø§ Ø§ØªØ³Ø¹.

_""Dosa yang menimpa hati seperti minyak yang mengotori pakaian, jika engkau tidak segera mencucinya maka dia akan melebar ke mana-mana.""_ ğŸ“š [Al-Mudhisy, hlm. 357]",,,,,,,,,,,
ULAMA SALAF,Kedudukan Takut Kepada Allah Dalam Hati,"Al-Imam Ibnu Qayyim al-Jauziyyah rahimahullah berkata :

Ø§Ù„Ø®ÙˆÙ Ù…Ù† Ø§Ù„Ù„Ù‡ Ø¹Ù„Ø§Ù…Ø© ØµØ­Ø© Ø§Ù„Ø¥ÙŠÙ…Ø§Ù†ØŒ ÙˆØªØ±Ø­Ù„Ù‡ Ù…Ù† Ø§Ù„Ù‚Ù„Ø¨ Ø¹Ù„Ø§Ù…Ø© ØªØ±Ø­Ù„ Ø§Ù„Ø¥ÙŠÙ…Ø§Ù† Ù…Ù†Ù‡.

_""Takut kepada Allah merupakan tanda benarnya keimanan, dan kepergiannya dari hati merupakan tanda hilangnya keimanan darinya.""_ ğŸ“š [Madarijus Salikin, jilid 1 hlm. 552]",,,,,,,,,,,
ULAMA SALAF,Kenapa Seseorang Sulit Menangis Yang Disebabkan Karena Takut Kepada Allah?,"Al-Imam Ibnu Qayyim al-Jauziyyah rahimahullah berkata :

Ù…ÙØªÙ‰ Ø£Ù‚Ø­Ø·Øª Ø§Ù„Ø¹ÙŠÙ† Ù…Ù† Ø§Ù„Ø¨ÙƒØ§Ø¡ Ù…Ù† Ø®Ø´ÙŠØ© Ø§Ù„Ù„Ù‡ØŒ ÙØ§Ø¹Ù„Ù… Ø£Ù†Ù‘ Ù‚Ø­Ø·Ù‡Ø§ Ù…ÙÙ† Ù‚Ø³ÙˆØ© Ø§Ù„Ù‚Ù„Ø¨ØŒ ÙˆØ£Ø¨Ø¹Ø¯ Ø§Ù„Ù‚Ù„ÙˆØ¨ Ù…Ù† Ø§Ù„Ù„Ù‡ Ø§Ù„Ù‚Ù„Ø¨ Ø§Ù„Ù‚Ø§Ø³ÙŠ.

_""Kapan saja mata kering dari tangisan yang disebabkan karena takut kepada Allah, maka ketahuilah bahwa keringnya itu karena kerasnya hati, dan hati yang paling jauh dari Allah adalah hati yang keras.""_ ğŸ“š [Badaiâ€™ul Fawaid, jilid 3 hlm. 347]",,,,,,,,,,,
ULAMA SALAF,Mengapa Hati Sulit Menerima Nasehat?,"Al-Imam Malik bin Dinar rahimahullah berkata :

ïº‡ï»¥ Ø§ï»Ÿïº’ïºªï»¥ ïº‡ïº«Ø§ ïº³ï»˜ï»¢ ï»Ÿï»¢ ï»³ï»¨ïº ïº¢ ï»“ï»´ï»ª ï»ƒï»Œïºï»¡ ï»­ï»» ïº·ïº®Ø§ïº ï»­ï»» ï»§ï»®ï»¡ ï»­ï»» ïº­Ø§ïº£ïº”ØŒ ï»›ïº¬ï»Ÿï»š Ø§ï»Ÿï»˜ï» ïº ïº‡ïº«Ø§ ï»‹ï» ï»– ïº£ïº Ø§ï»Ÿïºªï»§ï»´ïº ï»Ÿï»¢ ïº—ï»¨ïº ïº¢ ï»“ï»´ï»ª Ø§ï»Ÿï»¤ï»®Ø§ï»‹ï»†.

_""Sesungguhnya badan jika sakit maka dia tidak akan enak makan, minum, tidur, dan istirahat. Demikian juga keadaan hati, jika dia diikat dengan kecintaan terhadap dunia, maka berbagai nasehat tidak akan bermanfaat baginya.""_ ğŸ“š [Az-Zuhd al-Kabir, hlm. 25]",,,,,,,,,,,
ULAMA SALAF,Kunci Kehidupan Hati,"Al-Imam Ibnu Qayyim al-Jauziyyah rahimahullah berkata :

Ù…ÙØªØ§Ø­ Ø­ÙŠØ§Ø© Ø§Ù„Ù‚Ù„Ø¨ ØªØ¯Ø¨Ø± Ø§Ù„Ù‚Ø±Ø¢Ù† ÙˆØ§Ù„ØªØ¶Ø±Ø¹ Ø¨Ø§Ù„Ø§Ø³Ø­Ø§Ø± ÙˆØªØ±Ùƒ Ø§Ù„Ø°Ù†ÙˆØ¨.

_""Kunci kehidupan hati adalah tadabbur al-Qur'an, berdoa dengan penuh ketundukan hati di waktu sahur, dan meninggalkan dosa-dosa.""_ ğŸ“š [Hadil Arwah, hlm. 100]",,,,,,,,,,,
ULAMA SALAF,Hakekat Kekayaan Hati,"Al-Imam Ibnu Qayyim al-Jauziyyah rahimahullah berkata :

â€Ø­Ù‚ÙŠÙ‚Ø© ØºÙ†Ù‰ Ø§Ù„Ù‚Ù„Ø¨ ØªØ¹Ù„ÙÙ‘Ù‚Ù‡ Ø¨Ø§Ù„Ù„Ù‡ ÙˆØ­Ø¯Ù‡.

_""Hakekat kekayaan hati adalah bergantungnya hanya kepada Allah saja.""_ ğŸ“š [Madarijus Salikin, jilid 2 hlm. 420]",,,,,,,,,,,
ULAMA SALAF,TIGA JENIS MANUSIA,"Al-Imam asy-Syafi'i rahimahullah

Aku mencintai orang-orang sholeh meskipun aku bukan termasuk di antara mereka. Semoga bersama mereka aku bisa mendapatkan syafaâ€™at kelak.

Aku membenci para pelaku maksiat meskipun aku tak berbeda dengan mereka.

Aku membenci orang yang membuang-buang usianya dalam kesia-siaan walaupun aku sendiri adalah orang yang banyak menyia-nyiakan usia.

ğŸ“ Sumber Fatwa
http://www.sahab.net/forums/?showtopic=118311",,,,,,,,,,,
SYAIKH IBN BAZ,YANG SUNNAH ADALAH MEMBERI ORANG YANG MEMINTA SEDEKAH KECUALI  DIA SEORANG PEMBOHONG,"Syaikh Abdul Aziz bin Abdullah bin Baz rahimahullah

ğŸ”’ *Pertanyaan* :
Saya sangat sedikit memberi kepada orang yang meminta sedekah.
Apakah saya memberi atau menahan pemberian kepada mereka?

ğŸ”“ *Jawaban* :
ğŸ‘‰ Yang sunnah adalah memberi orang yang meminta sedekah.

Yang sunnah adalah Anda hendaknya memberi kepada orang yang meminta sedekah kecuali Anda mengetahui dia seorang pembohong dan kaya, maka jangan Anda memberinya namun nasehatilah dia dan katakan kepadanya :

_â€œBertakwalah kepada Allah, perbuatan ini tidak boleh engkau lakukan.â€_

ğŸ‘‰ Adapun jika Anda mengetahui dia seorang yang fakir atau Anda tidak mengatahui kondisinya, maka yang sunnah adalah Anda memberinya berdasarkan firman Allah ta'ala ketika mensifati kaum mukmin :

_â€œDan pada harta benda mereka ada hak untuk orang miskin yang meminta, dan orang miskin yang tidak meminta-minta.â€_ ğŸ“š [adz-Dzariyat 19]

Dan dalam ayat yang lain :

_â€œdan orang-orang yang dalam hartanya disiapkan bagian tertentu./Bagi orang (miskin) yang meminta dan yang tidak meminta.â€_ ğŸ“š [al-Ma'arij 24-25]

ğŸ‘‰ Maka yang sunnah adalah Anda beri orang yang meminta sedekah dan berbuat baik baik kepadanya, sehingga selama Anda tidak mengetahuinya darinya sebagai seorang pembohong dan kaya, Anda beri baik dia seorang yang tidak dikenal maupun dikenal disisi Anda sebagai seorang yang miskin.

ğŸ‘ Yang sunnah adalah Anda beri dia dan berbuat baik kepadanya. Jazakumullahu khairan.

ğŸ“ Sumber Fatwa
http://www.binbaz.org.sa/node/13980",,,,,,,,,,,
ULAMA SALAF,HAKEKAT TAKWA,"Ibnu Umar radhiyallahu anhu berkata,

_â€œTAQWA itu yaitu engkau tidak melihat dirimu lebih baik dari seseorang.â€_

ğŸ“š [Tafsir Al-Baghawi 1/60]",,,,,,,,,,,
SYAIKH IBN BAZ,JANGAN SIBUK MEMBICARAKAN POLITIK,"Asy-Syaikh Abdul Aziz bin Baz rahimahullah berkata :

Ø£Ù†ØµØ­Ù‡Ù… (Ø§Ù„Ø´Ø¨Ø§Ø¨) Ø¨Ø§Ù„Ø¥Ø¹Ø±Ø§Ø¶ Ø¹Ù† Ø§Ù„ØªØ¯Ø®Ù„ ÙÙŠ Ø´Ø¦ÙˆÙ† Ø§Ù„Ø³ÙŠØ§Ø³Ø© Ø§Ù„Ø®Ø§Ø±Ø¬ÙŠØ© ÙˆØ´Ø¦ÙˆÙ† Ø§Ù„Ù…Ù„ÙˆÙƒ ÙˆØ§Ù„Ø£Ù…Ø±Ø§Ø¡ Ø§Ù„Ø°ÙŠ ÙŠØ³Ø¨Ø¨ Ø§Ù„ÙØªÙ†Ø© ÙˆÙŠØ³Ø¨Ø¨ Ø§Ù„Ø´Ø­Ù†Ø§Ø¡ ÙˆØ§Ù„Ù‚Ù„Ø§Ù‚Ù„ØŒ â€ÙˆØ£Ù† ÙŠÙ‚Ø¨Ù„ÙˆØ§ Ø¹Ù„Ù‰ Ø§Ù„Ø¹Ù„Ù… ÙˆØ·Ù„Ø¨ Ø§Ù„Ø¹Ù„Ù….

""Saya nasehatkan kepada mereka (para pemuda) agar meninggalkan ikut campur dalam urusan-urusan politik luar dan urusan-urusan para raja dan para penguasa yang akan menyebabkan fitnah dan menyebabkan permusuhan dan kekacauan, dan hendaknya mereka menyibukkan diri dengan ilmu dan menuntut ilmu...""

ğŸŒ¹ Asy-Syaikh Muhammad bin Shalih al-Utsaimin rahimahullah berkata :

ÙˆÙ„ÙŠØ³Øª Ø§Ù„Ù…Ø³Ø§Ø¦Ù„ Ø§Ù„Ø³ÙŠØ§Ø³ÙŠØ© Ø£Ù„Ø¹ÙˆØ¨Ø© ØªØ·Ø±Ø­ Ø¨ÙŠÙ† Ø£ÙŠØ¯ÙŠ Ø§Ù„Ø¹ÙˆØ§Ù… ÙƒÙ„ ÙŠÙ„ÙˆÙƒ ÙÙŠÙ‡Ø§ Ø¨Ù…Ø§ Ø´Ø§Ø¡.

""Masalah-masalah politik bukanlah permainan yang dilemparkan di hadapan orang-orang awam sehingga semua orang bisa membicarakannya sesukanya.""

ğŸ“š [Liqa' al-Bab al-Maftuh, no. 85]

ğŸŒ¹ Asy-Syaikh Rabi' bin Hadi al-Madkhali hafizhahullah berkata :

â€""Ø§Ù„Ø­Ø¯ÙŠØ« ÙÙŠ Ø£Ù…ÙˆØ± Ø§Ù„Ø³ÙŠØ§Ø³Ø© Ø¥Ø°Ø§ ØµØ¯Ø± Ù…Ù† Ø§Ù„Ø¬Ù‡Ø§Ù„ ÙˆÙ…Ù† Ø£Ù‡Ù„ Ø§Ù„Ø£Ù‡ÙˆØ§Ø¡ ÙˆØ§Ù„Ø£ØºØ±Ø§Ø¶ ÙˆØ§Ù„ÙØªÙ† ÙŠØ¶Ø± Ø¨Ø§Ù„Ø£Ù…Ø© ÙÙŠ Ø¯ÙŠÙ†Ù‡Ø§ ÙˆØ¯Ù†ÙŠØ§Ù‡Ø§ ÙˆØ£Ù…Ù†Ù‡Ø§""

""Pembicaraan tentang urusan politik jika muncul dari orang-orang bodoh dan dari orang yang mengikuti hawa nafsunya, dan memiliki tujuan-tujuan tertentu serta menginginkan fitnah, maka akan membahayakan umat, baik pada agamanya, dunianya dan keamanannya.""

ğŸ“š [Hukmu al-Muzhaharat 41]

ğŸ“ Sumber Fatwa
ğŸŒ https://twitter.com/abdulahaldafiri/status/756009425987575808
ğŸŒ https://twitter.com/MonjedHaddad/status/939214185845673985",,,,,,,,,,,
ULAMA SALAF,JANGAN MENJADIKAN KUBURAN SEBAGAI TEMPAT RITUAL PERIBADAHAN,"Berkata Syaikhul Islam Ibnu Taimiyah rahimahullah :

Ù‚Ø¨Ø± Ø±Ø³ÙˆÙ„ Ø§Ù„Ù„Ù‡ ØµÙ„Ù‰ Ø§Ù„Ù„Ù‡ Ø¹Ù„ÙŠÙ‡ ÙˆØ¢Ù„Ù‡ ÙˆØ³Ù„Ù… Ø£ÙØ¶Ù„ Ù‚Ø¨Ø± Ø¹Ù„Ù‰ ÙˆØ¬Ù‡ Ø§Ù„Ø£Ø±Ø¶ØŒ ÙˆÙ‚Ø¯ Ù†Ù‡Ù‰ Ø¹Ù† Ø§ØªØ®Ø§Ø°Ù‡ Ø¹ÙŠØ¯Ø§Ù‹ØŒ ÙÙ‚Ø¨Ø± ØºÙŠØ±Ù‡ Ø£ÙˆÙ„Ù‰ Ø¨Ø§Ù„Ù†Ù‡ÙŠ ÙƒØ§Ø¦Ù†Ø§Ù‹ Ù…Ù† ÙƒØ§Ù†

_â€œKuburan Rasulullah shallallahu 'alaihi wa sallam adalah kuburan yang paling utama di muka bumi, namun sungguh beliau melarang untuk menjadikannya sebagai 'ied (tempat untuk peringatan, ritual dsb), maka kuburan selain beliau lebih pantas untuk dilarang, kuburan siapapun itu.â€_

ğŸ“š [Iqtidha' Ash-Shirathil Mustaqim li Mukhalafati Ash-Habil Jahim hlm. 435]

ğŸ“ Sumber Fatwa
t.me/roaea_alshikan_T_Q",,,,,,,,,,,
SYAIKH IBN UTSAIMIN,KESOMBONGAN TIDAKLAH MENJATUHKAN KECUALI DIRIMU SENDIRI,"Asy Syeikh Shalih Al Utsaimin rahimahullah :

ğŸš« Dan yang dimaksud (didalam hadist bahwa kesombongan itu adalah ""ghomtun naas"") yaitu ketika engkau merendahkan orang lain dan menganggap manusia hina di matamu, dan engkau memandang bahwa dirimu lebih dari mereka semua.

ğŸ‘‰ Dikatakan kepada seseorang : Bagaimana engkau melihat orang lain? 
ğŸ”º Dia berkata : _â€œAku tidak melihat mereka kecuali seperti nyamuk.â€_
ğŸ”º Maka dikatakan kepada dirinya : _â€œMereka juga tidak memandang dirimu kecuali sama halnya dengan cara pandangmu terhadap mereka.â€_

ğŸ‘‰ Dan dikatakan kepada yang lainnya : Bagaimana engkau melihat orang lain?
ğŸ”º Dia berkata : _â€œAku melihat mereka lebih utama dariku, dan mereka punya kemuliaan dan kedudukan dimataku.â€_
ğŸ”º Maka dikatakan kepada dirinya : _â€œSungguh mereka memandangmu lebih mulia dari mereka, dan engkau disisi mereka punya kedudukan dan kemuliaan.â€_

â˜ Demikianlah manusia akan memandangmu dengan cara pandangmu sendiri, apabila engkau memuliakan mereka dan engkau mengagungkan perkara mereka, engkau memposisikan mereka pada posisinya maka demikian pula cara pandang mereka terhadap dirimu, mereka akan menganggapmu seorang yang mulia disisi mereka.

ğŸ‘‰ Dan demikian pula sebaliknya.

ğŸ“š [Syarah Riyadhus Sholihin 3/536]",,,,,,,,,,,
ULAMA SALAF,"YANG MENJADI TOLOK UKUR ADALAH KEBENARAN, BUKAN TOKOH","Berkata al Allamah asy Syaikh Muhammad Amin asy Syinqitiy rahimahullah dalam kitabnya Adhwul Bayan pada firman Allah ta'ala :

(Ø£ÙÙˆÙ„ÙÙ°Ø¦ÙÙƒÙ Ø§Ù„Ù‘ÙØ°ÙÙŠÙ†Ù Ù‡ÙØ¯ÙÙ‰ Ø§Ù„Ù„Ù‘ÙÙ‡Ù Û– ÙÙØ¨ÙÙ‡ÙØ¯ÙØ§Ù‡ÙÙ…Ù Ø§Ù‚Ù’ØªÙØ¯ÙÙ‡Ù’).

_â€œMereka itulah orang-orang yang telah diberi petunjuk oleh Allah, maka ikutilah petunjuk mereka.â€_ ğŸ“š [Al An'am 90]

ğŸ‘‰ ï¸Di sini Allah subhanahu wa ta'ala mengatakan dengan : {ÙØ¨Ù‡Ø¯Ø§Ù‡Ù…} ""maka dengan petunjuk mereka.""

âœ‹ Allah tidak mengatakan : {ÙØ¨Ù‡Ù…} ""dengan mereka.""

ğŸ‘‰ Dikarenakan yang menjadi tolok ukur (kebenaran yang diikuti) adalah MANHAJ (jalan yang ditempuh) bukan INDIVIDU SESEORANG.

ğŸ“š [Tafsir Adhwaul Bayan]

",,,,,,,,,,,
ULAMA KIBAR,JANGAN IKUTI HASUTAN TERORISâ—ï¸,"Al 'Allamah 'Ubaid al Jabiri hafizhahullah

""Jangan pernah sekalipun engkau tertipu dengan  tindakan orang-orang khawarij (teroris) ini yang menghujat pemerintah di atas mimbar-mimbar dan di tempat-tempat pertemuan umum serta membeberkan kesalahan-kesalahan pemerintah. Karena ini semua merupakan bentuk provokasi yang merupakan manhaj khawarij qa'adiyyah (1).""

ğŸ“œMajmu'ah ar Rasail 1/242",,,,,,,,,,,
ULAMA SALAF,JANGAN IKUTI HASUTAN TERORISâ—ï¸,"Ibnu Hajar al-â€˜Asqalani rahimahullah berkata,

â€œ(Golongan al-Qaâ€™ad) ialah Khawarij yang tidak terlihat berperang, tetapi mengingkari para penguasa yang jahat semampu mereka, mengajak (manusia kepada) pemikiran mereka; bersamaan dengan itu, mereka menghias-hiasi tindakan memberontak dan menjadikannya terlihat bagus.â€ (at-Tahdzib, 8/144)

âœï¸Ù‚Ø§Ù„ Ø§Ù„Ø¹Ù„Ø§Ù…Ø© Ø¹Ø¨ÙŠØ¯ Ø§Ù„Ø¬Ø§Ø¨Ø±ÙŠ Ø­ÙØ¸Ù‡ Ø§Ù„Ù„Ù‡:

Ø¥ÙŠØ§Ùƒ Ø«Ù… Ø¥ÙŠØ§Ùƒ Ø£Ù† ØªØºØªØ± Ø¨ØµÙ†ÙŠØ¹ Ù‡Ø¤Ù„Ø§Ø¡ Ø§Ù„Ù‚ÙˆÙ… Ø§Ù„Ø°ÙŠÙ† ÙŠØ´Ù‡Ø±ÙˆÙ† Ø¨Ø§Ù„Ø­ÙƒÙ‘ÙØ§Ù… Ø¹Ù„Ù‰ Ø§Ù„Ù…Ù†Ø§Ø¨Ø±ØŒ ÙˆÙÙŠ Ø§Ù„Ù…Ø­Ø§ÙÙ„ Ø§Ù„Ø¹Ø§Ù…Ø© ÙˆÙŠØµØ¯Ø¹ÙˆÙ† Ø¨Ø£Ø®Ø·Ø§Ø¦Ù‡Ù…Ø› ÙØ¥Ù† Ù‡Ø°Ø§ Ù…Ù† Ø§Ù„ØªØ­Ø±ÙŠØ¶ Ø§Ù„Ø°ÙŠ Ù‡Ùˆ Ù…Ù†Ù‡Ø¬ Ø§Ù„Ø®ÙˆØ§Ø±Ø¬ Ø§Ù„Ù‚Ø¹Ø¯ÙŠØ©. 

ğŸ“šÙ…Ø¬Ù…ÙˆØ¹Ø© Ø§Ù„Ø±Ø³Ø§Ø¦Ù„ Ù… Ù¡ Øµ (Ù¢Ù¤Ù¢)",,,,,,,,,,,
SYAIKH IBN BAZ,SEBAB-SEBAB TERUSIRNYA SETAN,"Al-Allamah Ibnu Baz rahimahullah berkata, 

ğŸ‘‰ Banyak membaca Al-Qur'an,
ğŸ‘‰ Banyak berdzikir
ğŸ‘‰ Tasbih, tahlil, dan istighfar,

ğŸ‘ merupakan sebagian dari sebab-sebab terusirnya setan.

ğŸ“š [Nur 'ala Ad-darbi 19507]",,,,,,,,,,,
SYAIKH IBN UTSAIMIN,HUKUM MEMBUNUH KUCING,"Fadhilatus Syaikh Muhammad bin Shalih al Utsaimin rahimahullah

ğŸ”’ *Pertanyaan* :

Apakah boleh membunuh seekor kucing jika kucing itu mengganggu â“

ğŸ”“ *Jawaban* :

ğŸ‘‰ Jika kucing itu memang mengganggumu maka silahkan dibunuh. Karena setiap yang mengganggu boleh dibunuh sampai pun anak Adam yang berusaha membuat kerusakan di muka bumi, mereka juga boleh dibunuh*.

ğŸ’¬ Lalu bagaimana kiranya jika hanya seekor kucing!?

â˜ Maka bila dia mengganggumu, lalu engkau mengeluarkannya namun enggan keluar, maka boleh bagimu untuk membunuhnya.

ğŸ“š [al Liqo asy Syahri 70]

âš  Catatan :
Yang berhak membunuh orang-orang yang melakukan kerusakan di muka bumi adalah dari pihak pemerintah negara yang sah, bukan dari organisasi, kelompok atau individu tertentu.",,,,,,,,,,,
SYAIKH IBN UTSAIMIN,"Ngeri, Status dan Hukuman Orang yang Berani Mencela Rasulullah shallallahu alaihi wa sallam","Syaikh Ibnu Utsaimin rahimahullahu berkata,

Barang siapa yang mencela atau mengolok-olok Rasulullah shallallahu alaihi wa sallam maka dia kafir, baik dalam keadaan serius, main-main atau becanda,

ğŸ”˜ Allah berfirman :

Ø£ÙØ¨ÙØ§Ù„Ù„Ù‡Ù ÙˆÙØ¡ÙØ§ÙŠÙØ§ØªÙÙ‡Ù ÙˆÙØ±ÙØ³ÙÙˆÙ„ÙÙ‡Ù ÙƒÙÙ†ØªÙÙ…Ù’ ØªÙØ³Ù’ØªÙÙ‡Ù’Ø²ÙØ¡ÙÙˆÙ†Ù â˜† Ù„Ø§ÙØªÙØ¹Ù’ØªÙØ°ÙØ±ÙÙˆØ§ Ù‚ÙØ¯Ù’ ÙƒÙÙÙØ±Ù’ØªÙÙ… Ø¨ÙØ¹Ù’Ø¯Ù Ø¥ÙÙŠÙ…ÙØ§Ù†ÙÙƒÙÙ…Ù’ 

Artinya :
_Katakanlah : â€œApakah dengan Allah, ayat-ayatNya dan RasulNya, engkau berolok-olok? Tidak perlu kamu minta maaf, karena kamu telah kafir sesudah imanmuâ€._ ğŸ“š [At Taubah : 65-66]

ğŸ”˜ Jika dia mau bertaubat maka diterima taubatnya, berdasar firman Allah taala, 

 Ù‚ÙÙ„Ù’ ÙŠÙØ§ Ø¹ÙØ¨ÙØ§Ø¯ÙÙŠÙ Ø§Ù„Ù‘ÙØ°ÙÙŠÙ†Ù Ø£ÙØ³Ù’Ø±ÙÙÙÙˆØ§ Ø¹ÙÙ„ÙÙ‰Ù° Ø£ÙÙ†Ù’ÙÙØ³ÙÙ‡ÙÙ…Ù’ Ù„ÙØ§ ØªÙÙ‚Ù’Ù†ÙØ·ÙÙˆØ§ Ù…ÙÙ†Ù’ Ø±ÙØ­Ù’Ù…ÙØ©Ù Ø§Ù„Ù„Ù‘ÙÙ‡Ù Ûš Ø¥ÙÙ†Ù‘Ù Ø§Ù„Ù„Ù‘ÙÙ‡Ù ÙŠÙØºÙ’ÙÙØ±Ù Ø§Ù„Ø°Ù‘ÙÙ†ÙÙˆØ¨Ù Ø¬ÙÙ…ÙÙŠØ¹Ù‹Ø§ Ûš Ø¥ÙÙ†Ù‘ÙÙ‡Ù Ù‡ÙÙˆÙ Ø§Ù„Ù’ØºÙÙÙÙˆØ±Ù Ø§Ù„Ø±Ù‘ÙØ­ÙÙŠÙ…Ù

Artinya :
_Katakanlah : ""Wahai hamba-hamba-Ku yang malampaui batas terhadap dirinya sendiri, janganlah kamu berputus asa dari rahmat Allah. Sesungguhnya Allah mengampuni dosa-dosa seluruhnya. Sesungguhnya Dialah Yang Maha Pengampun lagi Maha Penyayang.""_ ğŸ“š [Az Zumar : 53]

ğŸ” Jika ada yang mencela Rasul, dan dia taubat, apakah tetap dibunuh atau tidak?

Jika yang mencelanya adalah orang kafir maka dia tidak dibunuh.

ğŸ”˜ Berdasar firman Allah taala, 

Ù‚ÙÙ„Ù’ Ù„ÙÙ„Ù‘ÙØ°ÙÙŠÙ†Ù ÙƒÙÙÙØ±ÙÙˆØ§ Ø¥ÙÙ†Ù’ ÙŠÙÙ†Ù’ØªÙÙ‡ÙÙˆØ§ ÙŠÙØºÙ’ÙÙØ±Ù’ Ù„ÙÙ‡ÙÙ…Ù’ Ù…ÙØ§ Ù‚ÙØ¯Ù’ Ø³ÙÙ„ÙÙÙ

Artinya :
_Katakanlah kepada orang-orang kafir : ""Jika mereka berhenti (dari kekafirannya), niscaya Allah akan mengampuni mereka dari dosa-dosanya yang lalu.""_ ğŸ“š [Al Anfal : 38]

ğŸ” Tapi jika yang mencelanya adalah seorang muslim maka dia telah murtad, dan pendapat yang benar adalah sebagaimana yang dipilih Ibnu Taimiyyah, yakni dia dibunuh dan diminta untuk taubat, ini sebagai balasan atas kelancangannya terhadap Rasulullah.

ğŸ‘‰ Jika ada yang mengatakan bahwa telah ada di zaman Rasulullah hidup orang-orang yang mencela Rasulullah, tapi mereka tidak dibunuh? 

ğŸ‘ Jawabnya benar, memang demikian. Beliau memaafkan mereka dan tidak membunuhnya. Beliau berhak memaafkan dan menghukum di saat hidupnya.

âš  Akan tetapi di zaman setelah Rasulullah wafat, kita tidak bisa mengetahui apakah celaan dan olok-olokan yang dilakukan orang-orang itu dimaafkan atau tidak, maka jika ada yang mencela, hukumannya adalah dibunuh.

â˜ Diantara maslahat (sisi positif) dibunuhnya mereka (yang mencela Rasulullah) adalah agar orang-orang bisa menjaga lisannya untuk tidak mencela Rasulullah.

Adapun orang-orang yang telah melakukan pencelaan terhadap Nabi shallallahu alaihi wa sallam dan dia ingin bertaubat, maka taubatnya diterima jika taubatnya taubat nasuha (sungguh-sungguh), dan urusannya ada di tangan Allah taala, jika mereka tidak dibunuh sekarang, besok mereka pun akan meninggal.

Ini adalah pendapat yang benar di dalam permasalahan ini.

ğŸ“š [Dinukil dan disadur dari Al Manahil Lafzhiyyah-Syaikh Ibnu Utsaimin, hal. 87-88, cet. Dar Ibnil Jauzi 2011]


âš  Catatan :
Yang berhak membunuh orang-orang yang mencela Nabi shallallahu alaihi wa sallam adalah dari pihak pemerintah negara yang sah, bukan dari organisasi, kelompok atau individu tertentu.",,,,,,,,,,,
ULAMA KIBAR,Empat Orang yang Dilaknat Allah,"Rasulullah shallallahu alaihi wa sallam bersabda,

Ù„ÙØ¹ÙÙ†Ù Ø§Ù„Ù„Ù‡Ù Ù…ÙÙ†Ù’ Ø°ÙØ¨ÙØ­Ù Ù„ÙØºÙÙŠÙ’Ø±Ù Ø§Ù„Ù„Ù‡ÙØŒ ÙÙ„ÙØ¹ÙÙ†Ù Ø§Ù„Ù„Ù‡Ù Ù…ÙÙ†Ù’ ØºÙÙŠÙÙ‘Ø±Ù Ù…ÙÙ†ÙØ§Ø±Ù Ø§Ù„Ù’Ø£ÙØ±Ù’Ø¶ÙØŒ Ù„ÙØ¹ÙÙ†Ù Ø§Ù„Ù„Ù‡Ù Ù…ÙÙ†Ù’ Ù„ÙØ¹ÙÙ†Ù ÙˆÙØ§Ù„ÙØ¯ÙÙ‡ÙØŒ ÙÙ„ÙØ¹ÙÙ†Ù Ø§Ù„Ù„Ù‡Ù Ù…ÙÙ†Ù’ Ø¢ÙˆÙÙ‰ Ù…ÙØ­Ù’Ø¯ÙØ«Ù‹Ø§

Artinya :
_â€œAllah melaknat orang yang menyembelih untuk selain Allah, Allah melaknat orang memindah tanda jalan, Allah melaknat orang yang melaknat kedua orang tuanya, Allah melaknat orang yang ridha/diam terhadap kebidahan.â€_ ğŸ“š [HR. Bukhari di Adabul Mufrad, bab (8) man laâ€™ana Allah man laâ€™ana walidaih, no. 17, Muslim, dalam Shahih Muslim, kitab al adhahi, no. 3657, 3658, 3659, An Nasa-i dalam as Sunan, kitab adh dhahaya, no. 4346]

Sabda Nabi shallallahu alaihi wa sallam,

Ù„ÙØ¹ÙÙ†Ù Ø§Ù„Ù„Ù‡Ù Ù…ÙÙ†Ù’ Ø°ÙØ¨ÙØ­Ù Ù„ÙØºÙÙŠÙ’Ø±Ù Ø§Ù„Ù„Ù‡ÙØŒ
_""Allah melaknat orang yang menyembelih untuk selain Allah""_

ğŸ‘‰ Yakni menyembelih untuk dipersembahkan kepada monumen-monumen dalam rangka mencari barakah, berharap selamat atau bisa menolak bencana/bala.

Sabda Nabi shallallahu alaihi wa sallam,

 ÙÙ„ÙØ¹ÙÙ†Ù Ø§Ù„Ù„Ù‡Ù Ù…ÙÙ†Ù’ ØºÙÙŠÙÙ‘Ø±Ù Ù…ÙÙ†ÙØ§Ø±Ù Ø§Ù„Ù’Ø£ÙØ±Ù’Ø¶Ù
_""Allah melaknat orang memindah tanda jalan""_

ğŸ‘‰ Yakni memindah tanda-tanda yang membatasi antara batas tanah atau urusan kepemilikan seseorang.

Sabda Nabi shallallahu alaihi wa sallam,

Ù„ÙØ¹ÙÙ†Ù Ø§Ù„Ù„Ù‡Ù Ù…ÙÙ†Ù’ Ù„ÙØ¹ÙÙ†Ù ÙˆÙØ§Ù„ÙØ¯ÙÙ‡Ù
_""Allah melaknat orang yang melaknat kedua orang tuanya""_

ğŸ‘‰ Yakni ketika ada seorang yang melaknat orang tua temannya, sehingga temannya membalas dengan melaknat orang tua dirinya, maka jadilah dia seakan telah melaknat kedua orang tuanya sendiri.

Sabda Nabi shallallahu alaihi wa sallam,

ÙÙ„ÙØ¹ÙÙ†Ù Ø§Ù„Ù„Ù‡Ù Ù…ÙÙ†Ù’ Ø¢ÙˆÙÙ‰ Ù…ÙØ­Ù’Ø¯ÙØ«Ù‹Ø§
_""Allah melaknat orang yang ridha/diam terhadap kebidahan.""_

ğŸ‘‰ Yakni menyembunyikan pelaku dosa, membelanya atau menebus denda bagi pelaku dosa sehingga dia lolos dari hukuman, seperti pembuat khamr (miras) atau penipu. Di zaman sekarang termasuk juga dalam hukum ini adalah pemikiran-pemikiran sesat, seorang tidak boleh diam terhadap hal ini (mesti dibantah).

ğŸ“š [Untuk lebih jelasnya silahkan lihat Aunul Ahadish Shamad-Syaikh Zaid al Madkhali, hal. 41-42, cet. Darul Mirats an Nabawi 2015]",,,,,,,,,,,
SYAIKH IBN UTSAIMIN,Hukum Berdoa Minta Mati,"Pernahkah Anda tertimpa kesusahan atau kesempitan dalam hidup sehingga terbesit pikiran sepertinya lebih enak mati saja... Problem terlalu ruwet membuat angan kematian adalah solusi yang terbayang.

Mari simak penuturan Syaikh Ibnu Utsaimin rahimahullahu ketika beliau ditanya, _""Apakah boleh seorang insan berdoa minta kematian untuk dirinya?""_

Syaikh Ibnu Utsaimin rahimahullahu menjawab, Doanya seorang insan untuk minta kematian adalah haram, itu tidak boleh! Karena Nabi shallallahu alaihi wasallam bersabda, 

Ù„Ø§ ÙŠÙØªÙÙ…ÙÙ†Ù‘ÙÙŠÙÙ†Ù‘Ù Ø£ÙØ­ÙØ¯ÙÙƒÙÙ…Ù’ Ø§Ù„Ù’Ù…ÙÙˆÙ’ØªÙ Ù„ÙØ¶ÙØ±Ù‘Ù Ù†ÙØ²ÙÙ„Ù Ø¨ÙÙ‡Ù 

Artinya :
_â€œJanganlah salah seorang di antara kalian mengangankan (berharap) kematian karena (sebab) kesusahan yang menimpanya.â€_ ğŸ“š [HR. Bukhari 5239 dan Muslim 4840]

Yang wajib bagi seorang insan adalah untuk bersabar dan ihtisab (berharap pahala) serta memohon hidayah dan kekokohan.

Jika dia tertimpa musibah yang menyempitkan hidupnya maka mintalah (berdoa) kepada Allah ta'ala keselamatan, karena sesungguhnya semua urusan adalah milik Allah ta'ala. Wallahu waliyyu at taufiq.

ğŸ“š [Dinukil dan disadur dari Al Manahil Lafzhiyyah-Syaikh Ibnu Utsaimin, hal. 41, cet. Dar Ibnil Jauzi 2011]",,,,,,,,,,,
SYAIKH FAUZAN,Seorang Alim Bukan Jebolan dari Membaca Kitab atau Dengar Rekaman Saja tanpa Talaqqi,"Syaikh Shalih Fauzan hafizhahullahu ta'ala berkata,

Wajib atas kalian wahai para pemuda untuk mengarahkan diri kepada thalabul ilmi, dan hendaknya bertalaqqi (duduk bermajelis) dengan orang yang dikenal dan sebagai ahlinya akan ilmu.

Jangan engkau cukupkan hanya dengan membaca kitab-kitab atau mendengar rekaman-rekaman kajian, karena sebagian orang mengambil metode yang seperti ini di dalam belajarnya.

Salah seorang dari mereka membaca kitab-kitab atau mendengarkan rekaman-rekaman kajian dan dia berkata, _""Saya telah mengambil ilmu dari Fulan melalui kitab-kitabnya atau dari rekaman kajian-kajiannya.""_

ğŸ‘‰ Ini adalah kesalahan yang besar! 

Ilmu itu diambil langsung dari (hasil talaqqi) ulama, adapun kitab-kitab itu hanyalah sebagai penolong dan sarana yang dapat membantu engkau dalam berhubungan dengan orang yang alim, bisa bertanya kepadanya, minta penjelasan dan keterangan, sehingga dengan itu akan terang mana yang benar dari yang salah.

Contoh dari permasalahan ini, misalnya engkau ingin belajar tentang ilmu kedokteran, apakah engkau hanya membaca buku-buku kedokteran saja kemudian engkau buka praktek pengobatan?. Engkau pun lalu mengobati manusia dengan bermodalkan membaca saja buku-buku tentang kedokteran.

Maka engkau akan bisa membunuh banyak manusia dengan metode ini karena engkau bukan seorang dokter, engkau hanyalah seorang yang mengaku-ngaku sebagai dokter...

ğŸ“š [Taujihatu Muhimmah ila Syababil Ummah-Syaikh Shalih Fauzan, dinukil dari Rasail Ulamais Sunnah ila Syababil Ummah, hal. 17, cet. Darul Miratsin Nabawi 2015]",,,,,,,,,,,
ULAMA SALAF,JENGGOT SIMBOL KEWIBAWAAN KAUM LELAKI,"Al Allamah Ibnu Sa'dy rahimahullah berkata:

â˜Sesungguhnya ALLAH telah memuliakan kaum lelaki dengan jenggotnya dan menjadikan bagi mereka sebagai keindahan dan kewibawaan.

âœ‚ï¸ Duhai celakanya seseorang yang mencukur jenggotnya, menghinakannya, dan durhaka kepada nabinya dengan terang terangan.

ğŸ“š [Alfawakih asy-Syahiyyah 73]",,,,,,,,,,,
ULAMA KIBAR,HUKUM SHALAT MEMAKAI PAKAIAN YANG TERKENA AIR MANI,"Syaikh Abdul Aziz alu Syaikh hafidzahullah

ğŸ”’ *Pertanyaan* :
Seseorang yang mimpi basah kemudian air maninya mengenai pakaian lalu apakah diperbolehkan baginya menggunakan pakaian tersebut untuk melaksanakan shalatâ“

ğŸ”“ *Jawaban* :

âœ‹ Tidak mengapa seseorang shalat menggunakan pakaian yang terkena air mani, dikarenakan mencuci pakaian yang terkena air mani itu hanya sebatas kebersihan saja karena mani itu hukumnya SUCI.

Oleh karenanya Ibunda kaum mukminin, Aisyah radhiyallahu anha mengatakan :

_""... Dahulu aku mencuci pakaian Rasulullah yang terkena air mani. Kemudian setelah itu dipakai oleh beliau untuk shalat ...""_ ğŸ“š [HR Bukhari 224]

Beliau juga pernah mengatakan :

_""Dahulu aku mengerik bekas air mani yang menempel di baju Rosulullah menggunakan kuku ...""_ ğŸ“š [HR Ahmad 23792]

ğŸ‘ Air mani adalah suci dan menghilangkannya dari pakaian hanya sebagai KEBERSIHAN saja.

ğŸ“² Sumber Fatwa
http://mufti.af.org",,,,,,,,,,,
ULAMA KIBAR,"Jangan Gagal Paham. Bid'ah itu dalam Urusan Agama, Bukan Dunia","_""Kalo gitu naek haji pake onta aja Mas, jangan pake pesawat. Pesawat kan bid'ah..""_

Ledekan yang keluar dari seorang yang mungkin masih gagal paham tentang bid'ah. 

ğŸŒ¹ Syaikh Shalih ibn Abdilaziz alu Syaikh hafizhahullahu berkata, 

...Bid'ah bukanlah dalam perkara dunia. Jika ada manusia yang membuat sesuatu yang baru di dalam perkara dunianya, di mana hal itu bisa membantu melancarkan urusan-urusan dunianya, maka ini bukanlah bid'ah yang terlarang. Bid'ah yang terlarang adalah ketika dalam perkara agama.

Perkara dunia urusannya boleh-boleh saja, akan tetapi jika dalam perkara syariat dan ibadah, maka ini harus hati-hati sampai adanya keterangan jelas (dalil/sandarannya) dari Al Mushthafa shallallahu alaihi wasallam.

ğŸ“š [Al Bida wa Bayanu Haqiqatiha wa Atsarul Bida fi Hayatil Muslim-Syaikh Shalih alu Syaikh, dinukil dari Majmu Rasail wad Durus fi Dzammil Bida, hal. 14, cet. Ibnul Jauzi 2006]",,,,,,,,,,,
SYAIKH AL ALBANI,KAPAN MAKMUM MENGIKUTI SUJUDNYA IMAM,"Berkata Syaikh al Albani :

ğŸ‘ Mengakhirkan sujud bagi makmum sampai seorang Imam meletakkan dahinya di tempat sujud itu merupakan SUNNAH.

ğŸ’¦ Perbuatan yang semacam ini mulai ditinggalkan padahal ini bagian dari sunnah.

ğŸ’º Karenanya syaikh Albany menganjurkan kepada kita agar mengamalkannya sebagaimana itu merupakan kebiasaan beliau.

Syaikh mengatakan :

Tidak disyariatkan bagi makmum untuk sujud sebelum seorang Imam meletakkan dahinya ditempat sujud. Dahulu para sahabat Nabi shallallahu'alaihi wasallam melaksanakan shalat bersama beliau maka apabila beliau rukuk maka merekapun ikut rukuk dan apabila beliau membaca :
 â€¢â€¢â€¢""Sami'allahuliman hamidah""â€¢â€¢â€¢

Mereka para sahabat tetap berdiri sampai mereka melihat beliau meletakkan wajahnya ditempat sujud.

Dan di dalam sebuah riwayat sampai beliau meletakkan dahinya ditempat sujud baru mereka mengikuti beliau untuk sujud.

ğŸ“š [Silsilah Ash Shahihah 6/225]",,,,,,,,,,,
SYAIKH IBN UTSAIMIN,JANGAN SIA-SIAKAN WAKTU DAN UMURMU,"Berkata Syaikh Muhammad bin Shalih al Utsaimin rahimahullah :

Saudara-saudaraku kaum muslimin, hendaknya mereka menjaga agama mereka, menjaga waktu-waktu mereka, serta tidak menyia-nyiakan umur yang sangat-sangat berharga ini.

Demi ALLAH, sesaat saja dari umur kita itu lebih mulia dari seribu dirham. Tidakkah kalian melihat apabila kematian sudah di depan mata, lalu dikatakan kepada seseorang :

_""Berikan kepada kami dunia seluruhnya dan aku akan menunda ajalmu sesaat""_ 

ğŸ‘‰ maka sungguh dia pasti menjawab  

_""Ya""._

ğŸ“š [Silsilah Liqo Syahri 72]",,,,,,,,,,,
SYAIKH IBN UTSAIMIN,HUKUM MEMBERIKAN ZAKAT KEPADA SUAMI,"ğŸ”’ *Pertanyaan* :

Apa hukum seorang istri memberikan zakat kepada suaminyaâ“

ğŸ”“ *Jawaban* :

Boleh bagi seorang istri memberikan zakat kepada suaminya. Apabila suaminya tersebut termasuk yang berhak untuk mendapatkan zakat.
Baik zakat pada emas atau zakat pada harta,
 
âœ… Hal tersebut diperbolehkan karena seorang istri tidak wajib baginya memberikan nafkah kepada suaminya.

ğŸ“š [Liqaaa asy Syahri (71)]",,,,,,,,,,,
ULAMA SALAF,INDIKATOR KEMURNIAN TAUHID,"Termasuk dari kemurnian tauhid seorang mukmin ialah ketika dia menyembunyikan berbagai macam musibah, penyakit dan hal-hal yang membuatnya bersedih dari (pengetahuan) manusia dalam keadaan dia bersabar dan bersikap ridha kepada Allah serta merasa malu kepada-Nya ketika dia mengeluh atau meminta bantuan kepada manusia yang lain.

ğŸ“š [Faidhul Qodir (6/17). Karya Imam Al-Munawi rahimahullaahu Ta'ala]",,,,,,,,,,,
ULAMA SALAF,INI AKIBATNYA JIKA HAMBA BERMAKSIAT,"Al Imam Ibnu Al Jauzy rahimahullah berkata :

Jenis hukuman yang terbesar karena akibat suatu maksiat adalah dicabutnya keimanan dari seseorang hamba, hilangnya rasa lezat ketika bermunajat kepada Allah, lupa terhadap al Quran dan terlalaikannya dia dari istighfar.

ğŸ‘‰ Sementara hukuman yang paling ringan adalah apa yang menimpa badan pada kehidupan dunia ini.

ğŸ“š [Dzamul Hawa 210]",,,,,,,,,,,
SYAIKH IBN UTSAIMIN,OBAT KERASNYA HATI,"Sesungguhnya kerasnya hati memiliki obat yaitu memperbanyak membaca al qur'an.

ğŸ”˜ Dalilnya adalah firman ALLAH  ta'alaa dalam surat al Hasyr ayat 21 :

 ï´¿Ù„ÙÙˆÙ’ Ø£ÙÙ†Ù’Ø²ÙÙ„Ù’Ù†ÙØ§ Ù‡ÙØ°ÙØ§ Ø§Ù„Ù’Ù‚ÙØ±Ù’Ø¢Ù†Ù Ø¹ÙÙ„ÙÙ‰ Ø¬ÙØ¨ÙÙ„Ù Ù„ÙØ±ÙØ£ÙÙŠÙ’ØªÙÙ‡Ù Ø®ÙØ§Ø´ÙØ¹Ø§Ù‹ Ù…ÙØªÙØµÙØ¯ÙÙ‘Ø¹Ø§Ù‹ Ù…ÙÙ†Ù’ Ø®ÙØ´Ù’ÙŠÙØ©Ù Ø§Ù„Ù„ÙÙ‘Ù‡Ùï´¾ [Ø§Ù„Ø­Ø´Ø±:21] 

_â€œKalau seandainya Kami turunkan Al Qur'an ini kepada gunung, niscaya engkau akan melihat gunung itu khusyu' dan hancur karena takut kepada ALLAH.â€_

Sebagaimana yang kita ketahui, gunung adalah batu yang keras yang seandainya diturunkan padanya Al Qur'an, niscaya dia tunduk dan hancur.

ğŸš¨ Maka seperti itu pula hati apabila Al Qur'an datang kepadanya dan seseorang membaca dengan memikirkan serta merenungi, maka pasti akan berpengaruh pada hatinya.

ğŸ“š [Liqa' asy Syahri 72]",,,,,,,,,,,
ULAMA SALAF,TERPUJINYA SIFAT MALU,"irman Allah Azza wa Jalla :

_â€œDan salah seorang dari keduanya mendatangi Musa berjalan dengan tersipu maluâ€_

ğŸŒ¹ Ibnu Sa'di rahimahullah mengatakan :

ğŸ‘‹ Dan yang demikian menunjukkan akan kemuliaan sifatnya, dan akhlak perilakunya yang baik. 

ğŸŒ¹ Karena sesungguhnya rasa malu itu merupakan akhlak yang terpuji dan terlebih pada seorang wanita.

ğŸ“š [Tafsir as Sa'di surat al Qashas ayat 25]",,,,,,,,,,,
SYAIKH FAUZAN,MARI KITA ARAHKAN ANAK-ANAK AGAR BERTUTUR KATA YANG BAIK,"Syaikh Shalih bin Fauzan Al Fauzan hafidzahullah :

ğŸ”’ *Pertanyaan* :

ğŸ” Banyak dari pemuda-pemuda kaum muslimin yang suka mencela, mencaci, dan melaknat, bahkan sebagian mereka sampai mencela kedua orangtuanya.

ğŸ’¬ Maka apa arahan Anda didalam permasalahan ini ?

ğŸ”“ *Jawaban* :

ğŸ’¥ Ini adalah akibat dari jeleknya pendidikan yang mereka dapatkan.

Maka merupakan suatu kewajiban bagi para orangtua dirumah mereka.

ğŸ“– Demikian juga para guru di sekolah, untuk mendidik anak-anak sedini mungkin agar menjaga lisan dari mengucapkan kata-kata kotor, dan juga kata-kata yang mengandung cacian dan celaan.

ğŸ‘‰ Demikian juga para khatib dan para imam masjid untuk selalu mengingatkan perkara ini di dalam khutbah dan ceramahnya.

Saling wasiat mewasiati dengan kebenaran dan kesabaran merupakan sifatnya kaum mukminin.

â˜Demikianlah seharusnya kaum mukminin mereka tidak membiarkan para pemudanya mengucapkan kata-kata kotor semaunya.

Bahkan mendidik mereka untuk bertutur kata dengan baik,

ğŸŒ¹ Berkata imam Ibrahim an-Nakha'i rahimahullah :

_â€œDahulu para salaf memukul kami ketika kami masih kecil karena persaksian dan perjanjian yang kami lakukan yang demikian karena mereka ingin mengajarkan kepada kami untuk menghargai sebuah persaksian dan perjanjian.â€_

ğŸ“² Sumber Fatwa :
http://www.alfawzan. org
www.alfawzan.af.edu",,,,,,,,,,,