ULAMA KIBAR;URGENSI MEMERANGI IDEOLOGI TERORIS RADIKAL KHAWARIJ;"Asy-Syaikh Dr. Muhammad Ghalib hafizhahullah berkata :

??? ?????? ????? ???????? ??????? ????? ????? ?? ?????? ?????? ??? ?? ?????? ???? ???????? ??????? ????????? ???? ?????? ???????.

""Pada upaya memerangi ideologi suka mengkafirkan yang diusung oleh kelompok Khawarij terdapat upaya menyelamatkan manusia dari kematian, menjauhkan mereka dari rasa takut, menjaga harta, akal, dan keturunan mereka, serta menghinakan musuh mereka yang selalu menunggu-nunggu kehancuran mereka.""

Sumber || https://twitter.com/m_g_alomari/status/922716686557564929"
SYAIKH FAUZAN;JANGAN SEMBARANGAN MENGAMBIL ILMU;"Asy Syeikh Shalih Al Fauzan hafidzahullah :

(?? ???? ????? ?? ????? ?? ???? ????? ?? ???? ?? ???? ????? ?? ?????? ?? ????? ?? ???? ????????? ?? ????????? ??????????? ????????? ????? ???? ?????? ??????)

? Jangan kamu ambil ilmu dari orang yang bodoh.
? Jangan kamu ambil ilmu dari orang yang sesat.
? Jangan kamu ambil ilmu dari ahlul bid'ah.

? Ambillah ilmu dari ahlinya yang memang dikenal dengannya, dikenal keistiqomahannya, dikenal takwanya kepada Allah Subahanahu wa ta'ala.

? Sumber Fatwa
https://www.alfawzan.af.org.sa/ar/node/2032"
ULAMA SALAF;Orang tua Juga Bisa Durhaka Kepada Anak;"pada suatu hari, seorang laki-laki menemui Umar bin Khaththab untuk mengadukan kedurhakaan anaknya. Umar memanggil anak tersebut dan menegur perbuatannya itu. Setelah itu anak tersebut bertanya, “Wahai Amirul Mukminin, bukankah  anak memiliki hak atas orangtuanya?”

Umar menjawab, “Benar.”

“Apa hak anak?” tanya sang anak. Dijawab Umar, “Memilihkan calon ibu yang baik untuknya, memberinya nama yang baik, dan mengajarinya Al-Qur’an.”

Anak itu berkata, “Wahai Amirul Mukminin, ayahku tidak melakukan satu pun dari apa yang tuan sebutkan itu. Ibuku wanita berkulit hitam bekas budak beragama Majusi. Ia menamakanku Ju’lan (tikus atau curut), dan dia tidak mengajariku satu huruf pun dari Al-Qur’an.

Umar segera memandang orangtua itu dan berkata, “Engkau datang mengadukan kedurhakaan anakmu, padahal engkau telah durhaka kepadanya sebelum ia mendurhakaimu. Engkau telah berbuat buruk kepadanya sebelum ia berbuat buruk kepadamu.”

Dewasa ini kita sering mendengar kezaliman yang dilakukan orangtua kepada anaknya. Ada ayah yang memperkosa anaknya selama bertahun-tahun, Ibu yang menjual anaknya, atau guru yang menganiaya murid.  Islam sangat keras menentang kekerasan pada anak, bahkan tak menunjukkan kasih sayang saja dilarang.

Dari Abu Hurairah ra katanya Rasulullah SAW mencium Hasan bin Ali. Ketika itu duduk Aqra bin Habis. Al Aqra berkata: ”Aaya mempunyai sepuluh anak, tidak seorangpun di antara mereka yang pernah saya cium”. Rasulullah memandang kepadanya, kemudian berkata:”Siapa yang tidak mengasihi tidak akan di kasihi”(Shahih Bukhari jilid IV, hadis ke 1696)

*Islam dalam segala aspek kehidupan*

Pemisahan agama dari kehidupan keluarga, masyarakat, bahkan bernegara menjadi pemicu utama dalam membentuk individu yang tak berperasaan. Kekerasan yang diterima anak baik fisik maupun psikis adalah bukti jauhnya manusia dari hati nurani. Padahal perasaan dan nurani hanya dapat terasah dengan hadirnya iman dan ketaqwaan.

Bagaimana mungkin seorang yang memiliki iman tega menyakiti makhluk lemah anak demi pelampiasan amarah, menghancurkan karakter anak dengan kata-kata negatif, bahkan membunuh masa depan mereka dengan pelecehan seksual? Kekerasan hanya akan membentuk anak yang telah dewasa menjadi pribadi penerus lingkaran kezaliman pada anak di bawahnya. Bagaimana memutusnya?

Islam paling depan menyuarakan perlindungan dan kasih sayang terhadap mereka sebagaimana yang dicontohkan Rasulullah saw terhadap anaknya, cucunya, bahkan anak para sahabatnya. Beliau bersabda, “Man laa yarham laa  yurham” siapa yang tidak mencinta maka dia tidak dicintai. (HR. Muslim)

Dalam Al-Qur’an, Allah telah memberikan landasan dasar dan metode yang universal dalam mendidik anak. Penyampaian aqidah sebagai awal pendidikan yang disampaikan Luqman kepada buah hatinya, juga kasih sayang para nabi kepada anaknya semua terekam dalam Al-Qur’an. Sehingga tak heran jika kemudian Allah juga menekankan pentingnya ketaatan anak kepada orang tua, serta berbuat baik dan menghormati keduanya. Itu semua adalah hubungan timbal balik yang berhak didapat orang tua yang mendidik anaknya dengan penuh kemuliaan.

Lalu bagaimana dengan orang tua yang alakadarnya dalam mendidik anak, tidak memperhatikan nilai kasih sayang, moral, apalagi bekal keimanan? Anehkah jika Allah membalas doa anak untuk orang tuanya dengan kasih sayang yang alakadarnya juga, karena isi doa sang anak adalah “Ya Allah, kasihilah orang tuaku sebagaimana ia menyayangiku di waktu kecil”?

*Rancang Rumah Tangga Islami Sejak Awal*

Ibnul Qoyyim ra mengatakan, “Bila terlihat kerusakan pada diri anak-anak, mayoritas penyebabnya adalah bersumber dari orangtuanya.”

Bekalan nilai-nilai Islam yang ditanamkan sejak dini kepada anak akan menjadi tameng baginya untuk tidak melakukan kezaliman, bahkan melindungi anak dari aniaya orang lain. Keluarga yang konsisten menerapkan nilai-nilai Islam dalam kondisi carut marut seperti sekarang, berarti telah menjadi pemutus mata rantai kezaliman terhadap anak (lihat Tafsir Hadits). Amirul Mukminin Ali ra memberikan teladan, “Ajarilah diri-diri kalian dan keluarga-keluarga kalian kebaikan dan bimbinglah mereka.”

Karena itu, untuk melahirkan pribadi yang kuat dan mampu memberi kekuatan kepada orang lain, semua harus dilihat dari awal persiapan pembentukan rumah tangga.

Proses mencari pasangan hidup, tentu menjadi tema awal yang harus diperhatikan. Menurut Ustadz Syahrul Syah, proses ini sangat menentukan kualitas keturunan. “Makanya jangan mengawali rumah tangga dengan zina,” tegasnya. Bagaimana mungkin, jelas Ustadz Syahrul, bisa mendapatkan anak yang bagus kalau diawali dengan cara yang tidak bagus, misalnya hamil di luar nikah.

Kemudian, saat mengandung, ibu pun dianjurkan memperbanyak membaca Al-Qur’an, bersenandung lagu-lagu Islam, berzikir. Intinya, melakukan perbuatan-perbuatan yang mendekatkan dirinya pada Allah. “Kalau  yang didengar janin itu suara-suara yang baik, suara keimanan, insya Allah sang anak akan lahir benar-benar bersih,”

“Didiklah anak-anakmu dengan tiga hal; cinta nabi, cinta pada keluarga, dan cinta membaca Al-Qur’an.”

*Lakukan Sesuatu!*

Masalah pengasuhan dan pendidikan anak bukan semata masalah pribadi orangtua. Kita sebagai anggota masyarakat punya kewajiban untuk selalu peduli akan kehidupan anak secara umum. Anak orang lain hakikatnya adalah anak kita juga, karena buah hati adalah titipan dan amanah Allah, bukan milik pribadi. Seyogyanya semua elemen masyarakat melakukan upaya penyadaran dan pembinaan untuk mengangkat harkat dan martabat anak demi menyelamatkan generasi."
SYAIKH IBN UTSAIMIN;HUKUM PERNIKAHAN WANITA YANG DIPAKSA WALINYA;"Syaikh Muhammad bin Shalih al-'Utsaimin rahimahullah

Seorang wali, baik ayah maupun selain ayah tidak berhak memaksa putrinya untuk menikah, berdasarkan sabda Nabi shallallahu 'alaihi wa sallam :
_“Seorang gadis tidaklah dinikahkan sampai dimintai ijinnya, dan seorang janda tidaklah dinikahkan sampai dimintai pendapatnya.”_

Dalam riwayat Imam Muslim :
_“Seorang gadis dimintai pendapatnya oleh ayahnya.”_

Pernyataan hadits tersebut untuk seorang gadis dan seorang ayah, sehingga tidak boleh seorang ayah menikahkan putrinya tanpa keridhaannya, tidak pula menikahkan saudarinya dan wanita manapun yang berada di bawah perwaliannya kecuali dengan keridhaannya.

Apabila wali seorang wanita memaksanya menikah, maka pernikahannya itu *tidak sah* dan *tidak halal* bagi seorang suami mencampurinya dalam kondisi wanita tersebut terpaksa atasnya, karena pernikannya tidak sah.

? [Liqa' Asy Syahri]

? Sumber Fatwa
http://www.albaidha.net/vb/showthread.php?t=44350"
ULAMA KIBAR;HUKUM MEMELIHARA BURUNG DAN PENGARUHNYA TERHADAP KEADILAN;"Mufti Samahatusy Syaikh Abdul Aziz bin Abdullah Alu asy-Syaikh hafizhahullah


*Pertanyaan*
Memelihara sebagian burung, apakah berpengaruh terhadap persaksiannnya dalam pengadilan?

*Jawaban*
Memelihara burung yang tidak dimakan tentunya mengorbankan waktu bukan pada tempatnya dan menghabiskan waktu tanpa ada manfaat.

Adapun burung yang dimakan, maka bila dipelihara untuk dimakan, boleh saja. Namun bila dipelihara agar bertambah mahal harganya dan memanfaatkannya untuk hiburan, maka sesungguhnya hal ini tidak dibolehkan oleh syariat.

https://www.mufti.af.org.sa/ar/content/%D8%AD%D9%83%D9%85-%D8%AA%D8%B1%D8%A8%D9%8A%D8%A9-%D8%A7%D9%84%D8%B7%D9%8A%D9%88%D8%B1%D8%8C-%D9%88%D8%A3%D8%AB%D8%B1-%D8%B0%D9%84%D9%83-%D9%81%D9%8A-%D8%A7%D9%84%D8%B9%D8%AF%D8%A7%D9%84%D8%A9

*MEMELIHARA BURUNG*

Pertanyaan Kedelapan dari Fatwa Nomor 4552

Pertanyaan 8: Apakah memelihara dan memiliki burung diharamkan? Perlu diketahui bahwa burung -burung tersebut berkembang biak dan hidup dalam sangkar. Apakah ada dalilnya dalam masalah tersebut?

Jawaban 8: Memelihara burung adalah boleh jika kebutuhannya dipenuhi, seperti air, makanan, dan tempat tinggal (sangkar) yang layak. Kaum Muslimin melakukan hal tersebut sejak zaman Rasulullah sedangkan ia tidak mengingkarinya. Ini berdasarkan hadis yang diriwayatkan oleh Bukhari rahimahullah dalam kitab Sahihnya, dari Anas radhiyallahu anhu, ia berkata, ""Nabi Shalallahu 'Alaihi wa Sallam adalah orang yang akhlaknya paling baik. Aku memiliki seorang saudara yang biasa dipanggil dengan sebutan Abu 'Umair. Dia (perawi) berkata, menurut perkiraanku, dia anak yang baru disapih. Apabila Nabi Shalallahu 'Alaihi wa Sallam datang, ia memanggil, "" Abu Umair, apa yang sedang dilakukan oleh Nughair?"" sementara anak itu sedang bermain dengannya. .
Wabillahittaufiq, wa Shallallahu `ala Nabiyyina Muhammad wa Alihi wa Shahbihi wa Sallam.

?Al-Lajnah ad-Daimah Li al-Buhuts al-Ilmiyyah Wa al-Ifta'


Ketua: Abdul Aziz bin Abdullah bin Baz

Wakil: Abdurrazzaq 'Afifi

Anggota: Abdullah bin Qu'ud

?????? ?????? ?? ?????? ??? ( 4552 )
? 8 : ?? ????? ?????? ????????? ????????? ??? ?? ???????? ? ???? ??? ??? ?????? ?????? ????? ?? ??????? ? ?? ?? ???? ??? ??? ?
? 8 : ???? ????? ?????? ??? ??? ??? ?? ?????? ?? ??? ????? ????? ??????? ? ??? ??? ??? ???????? ??? ??? ??? ????? ????? ? ??? ???? ????? ? ??? ??? ??????? ?? (?????) ???? ???? ? ?? ??? ??? ???? ??? ??? : « ??? ????? ??? ???? ???? ???? ???? ????? ???? ? ???? ?? ?? ???? ?? : ??? ???? ? ??? : ????? ????? ? ???? ??? ??? ??? : ?? ??? ???? ? ?? ??? ?????? » (1) ??? ??? ???? ?? ? ?????? .
?????? ??????? ? ???? ???? ??? ????? ???? ???? ????? ???? .

?????? ??????? ?????? ??????? ????????
??? ... ???? ?????? ... ??????
??? ???? ?? ???? ... ??? ?????? ????? ... ??? ?????? ?? ??? ???? ?? ???

Dasar Hadits tentang abu umair memelihara burung.

(1) ???? ??????? ????? (5850),???? ???? ?????? (2150),??? ??????? ?????? (333),??? ??? ???? ????? (4969),??? ??? ???? ????? (3720),???? ???? ?? ???? (3/212).


*BOLEHKAH MEMELIHARA BURUNG?*

??. Pertanyaan :

""Saya termasuk penghobi budidaya binatang-binatang jinak seperti burung dan yang lainnya. Akan tetapi aku ditentang keras oleh keluargaku sendiri berkaitan dengan aktifitas tersebut bahwa hal itu harom atau makruh... dst. Dan menurut anggapan mereka, hal itu bisa menimbulkan efek negatif dan menjauhkan rizki dari rumah.

Berilah aku bimbingan kepada sikap yang benar sesuai syariat kita. Jazaakumulloh khoiron.""

?. Asy-Syaikh Bin Baaz -rohimahulloh- menjawab :

""Hukum memelihara binatang berupa burung dan merpati ...
aku tidak melihat ada larangan memelihara burung dan yang semisalnya sebagaimana memelihara ayam dan merpati. Dan sebagaimana memelihara kambing dan yang lainnya, ini semisal itu. Tidak mengapa yang demikian.

Meskipun mereka menganggap bahwa padanya ada kejelekan dan bisa menimbulkan efek negatif terhadap rumah tangga. Semua anggapan ini tidak ada dasarnya. Tidak mengapa dan boleh yang seperti ini.

Maka burung-burung yang dibolehkan oleh Alloh, tidak mengapa untuk dipelihara seperti (unggas lainnya) : merpati, ayam dan yang semisalnya yang dibudidayakan dilingkungan rumah dan yang pemilik rumah bisa mengambil manfaat dengan cara menjualnya atau memanfaatkan dagingnya. Semua ini tidak mengapa.

Hal itu seperti memelihara kelinci, kambing dan juga seperti onta dan sapi.
Semua itu boleh dan tidak mengapa jika tidak mengandung gangguan, jika burung-burung tersebut tidak mengganggu tetangga. Bahkan (jika perlu bulu burung) dipotong agar tidak mengganggu tetangga. Atau (pilihlah jenis) burung yang tidak mengganggu tetangga.

Maka yang demikian tidak mengapa.""


??? ????? ????????? ?? ???? ?????

??? ?? ???? ????? ????????? ??????? ??????? ??????? ????? ??????? ????? ?? ??? ???? ??? ??? ????????? ??? ??? ????? ?? ?????.. ???. ???? ??????? ???? ???? ????? ????? ????? ?? ?????? ??????? ??? ?????? ?? ??? ??????? ??? ?? ???? ?? ??????? ? ????? ???? ????? .

??? ????? ????????? ?? ???? ????? 
?? ???? ????? ?? ????? ?????? ?????? ?????? ???????? ???? ???? ??????? ???? ??? ??? ?????? ??? ??? ?? ???? ??? ????? ??? ???? ?? ?? ???? ???? ??? ?????? ?? ??? ?? ??? ??? ??? ??? ???? ??? ??? ???? ??????? ???? ?????? ???? ?? ??? ???????? ??????? ??????? ?????? ??? ??? ????? ?? ????? ?????? ?? ???? ????? ?????? ?? ????? ?? ??? ?? ??? ???? ??? ???? ??????? ???? ??????? ???????? ?????? ??????? ?? ??? ?? ??? ?? ??? ??? ??? ??? ?? ??? ??? ???? ??? ???? ??? ?????? ?? ???? ???????? ?? ???? ?????? ?? ???? ???????? ?? ????? ????? ?? ???? ???????? ??? ??? ?? ???.

(Sumber fatawa :
http://www.binbaz.org.sa/noor/8654)"
SYAIKH IBN BAZ;"HUKUM MENONTON FILM,
TELEVISI, DAN BERMAIN KARTU DI SIANG RAMADHAN";"Syaikh Abdul Aziz bin Abdullah bin Baz rahimahullah

*Pertanyaan*
Pada bulan Ramadan beberapa orang yang berpuasa sering menghabiskan waktu siang mereka dengan menonton film-film dan drama-drama dari video maupun televisi dan bermain kartu . Apa pandangan syariat Islam tentang hal ini? 

*Jawaban*
Kaum Muslimin, baik yang berpuasa maupun tidak, wajib bertakwa kepada Allah Subhanahu atas apa yang mereka lakukan dan mereka tinggalkan di setiap waktu. Mereka juga wajib menghindari segala yang diharamkan Allah, termasuk menonton film-film yang menampilkan segala yang diharamkan Allah, seperti gambar porno atau semi porno dan kata-kata tercela.

Demikian juga mereka harus menghidari segala yang ditampilkan televisi yang menyelisihi syariat Allah, seperti gambar, nyanyian, alat musik, dan seruan yang menyesatkan. Setiap muslim, baik yang berpuasa maupun tidak, wajib menghindari permainan yang menggunakan alat-alat hiburan, seperti kartu, karena hal itu termasuk menonton dan melakukan perbuatan tercela, menyebabkan hati mengeras dan sakit, memandang enteng syariat Allah, dan merasa berat untuk mengerjakan segala yang diwajibkan Allah seperti shalat berjemaah, serta terjerumus ke dalam perkara-perkara yang diharamkan.

Allah Subhanahu wa Ta'ala berfirman, dan di antara manusia (ada) orang yang mempergunakan perkataan yang tidak berguna untuk menyesatkan (manusia) dari jalan Allah tanpa pengetahuan dan menjadikan jalan Allah itu olok-olokan. Mereka itu akan memperoleh azab yang menghinakan.

(6)Dan apabila dibacakan kepadanya ayat-ayat Kami dia berpaling dengan menyombongkan diri seolah-olah dia belum mendengarnya, seakan-akan ada sumbat di kedua telinganya; maka beri kabar gembiralah dia dengan azab yang pedih Allah Subhanahu berfirman di dalam surah al-Furqan perihal sifat hamba-hamba-Nya, Dan orang-orang yang tidak memberikan persaksian palsu, dan apabila mereka bertemu dengan (orang-orang) yang mengerjakan perbuatan-perbuatan yang tidak berfaedah, mereka lalui (saja) dengan menjaga kehormatan dirinya Kata ""az-Zur"" mencakup seluruh jenis kemungkaran atau perbuatan tercela sedangkan makna ""Laa yasyhaduuna"" adalah tidak mendatangi.

Nabi shallallahu 'alaihi wa sallam bersabda, ""Sungguh akan ada orang dari umatku yang menghalalkan perzinaan, sutra, khamar, dan alat-alat musik.""Hadits ini diriwayatkan oleh Imam Bukhari dalam kitab Shahihnya mengomentari ayat tersebut. Maksud dari kata ""al-Hir"" dengan ""ha"" berkasrah dan tidak bertitik serta ""ra"" yang tidak bertitik adalah kelamin yang haram sedangkan yang dimaksud dengan ""al-Ma'azif"" adalah nyanyian dan alat-alat musik. Allah Subhanahu wa Ta'ala telah mengharamkan atas kaum Muslimin melakukan wasilah-wasilah yang dapat menjurumuskan ke dalam perkara-perkara yang diharamkan. Tidak diragukan lagi bahwa menonton film mungkar dan segala kemungkaran yang ditampilkan televisi termasuk wasilah menuju perkara haram atau meremehkan dalam mengingkari perbuatan itu. Wallahul Musta`an.

http://www.binbaz.org.sa/fatawa/543"
ULAMA SALAF;RAHASIA DIBALIK UJIAN SEORANG MU'MIN;"al-Imam Ibnul Qayyim rahimahullah berkata:

""???? ????? -?? ???- ??? ???? ????? ?????? ???????. ???? ?????? ????? ? ??? ??????? ?????.

""Di antara rahmat-Nya Dia menjadikan dunia bagi mereka terasa susah dan sempit. Agar mereka tidak tinggal padanya dan tidak tenang di dalamnya.

??????? ?? ?????? ?????? ?? ???? ? ?? ?????.
Lalu mereka mengharapkan kenikmatan yang kekal di Jannah(surga)-Nya, dan di sisi-Nya.

?????? ??? ??? ????? ???????? ?????????.

?????? ??????? ? ???????? ???????? ? ??????? ????????.

Maka Allah Ta'ala menyampaikan mereka ke Jannah dengan penuh ujian dan cobaan.

Maka Allah Ta'ala halangi mereka (dari kesenangan dunia) untuk Dia memberikan kepada mereka (kenikmatan jannah), Dia menguji mereka untuk Dia selamatkan mereka, dan Allah Ta'ala mematikan mereka untuk Dia menghidupkan mereka kembali.""

: Sumber
Lihat kitab Ighatshah al-Lahfan juz 2, hal 917 

*Note* :
Mari menghitung umur kita, terasa cepatkah waktu berlalu? Kapan sih kita bakal mati? Sudah berapa banyak dosa yg telah kita buat? Sudah berapa banyak pahala yg kita kumpulkan? Sudah berapa kali kita bertobat? Apakah kita yakin tobat kita akan diterima? Apakah kita sudah yakin bakal dapet ampunan dan syafaat? Apakah sudah yakin bahwa kita termasuk daftar penghuni syurga? Yuk perbanyak amalan yg sesuai sunnah, setiap saat kita mati akan dijamin syurga. Insya allah. 

??? ?????? ??????? ???????? ???? ????? ?? ???? ?????
??? ???????? ????? ???? ???? ????? ?? ?????? ??????? ?????????? ?? ??????? ???????? ???? ?????? ??? ?? ??? ????? ?? ????

?????? ??? ???????? ?????? ?? ???????? ?? ????? ???? ?????? ???? ????? ?????? ?? ???? ???????? ??? ?????? ?? ??? ???? ????? ?? ?????? ??????? ??????? ???? ???? ???? ?? ??? ????? ?? ????? ??????? ???? ???????? ??? ???????? ???????? ????? ?? ???? ?? ??????? ??? ????? ??? ????? ?? ????? ???????? ????? ????? ???????? ???????. ??? ??? ??? ?? ???? ?????? ??? ?? ???? ?? ???? ????? ????? ?????? ?? ????? ?????? ?? ???? ?????? ??? ?? ??? ?? ?????? ?????? ???? ??????? ???? ?? ??? ????? ?? ?????? ?? ???? ?????? ?????? ?????????? ???? ???? ???????? ??? ???? ????? ?? ?????? ?? ??????? ?? ??? ??? ?? ??? ???????? ??????? ?? ???? ?? ????????? ????? ???? ??????: ?????? ???????? ???? ????????? ?????? ?????????? ????????? ???? ??????? ??????? ???????? ?????? ?????????????? ??????? ????????? ?????? ??????? ??????? * ??????? ??????? ?"
ULAMA SALAF;MEMILIH BERHAJI ATAU MENIKAH;"Syaikh Ibnu al-'Utsaimin rahimahullah

Apabila seseorang khawatir fitnah atas dirinya dengan mengakhirkan nikah karena dia memiliki syahwat yang kuat, maka dia tidak berhaji dan menggunakan hartanya untuk menikah.

Sebab seseorang apabila butuh untuk menikah, maka dia seperti seseorang yang butuh kepada makanan dan minuman, bahkan seringkali mayoritasnya akan terfitnah dengan meninggalkan nikah daripada kalau dia tidak makan dan minum. Sehingga permasalahan dalam hal ini ada perinciannya:

? Apabila seseorang khawatir fitnah atas dirinya karena kuat syahwatnya, maka dia mendahulukan nikah atas haji,

? Namun jika perkaranya sebaliknya (tidak khawatir fitnah atas dirinya dengan meninggalkan nikah), maka hendaknya dia mendahulukan haji atas nikah.

? [Liqa' Syahri]

? Sumber Fatwa
http://www.albaidha.net/vb/showthread.php?t=44350"
SYAIKH FAUZAN;PENJELASAN RINGKAS KALIMAT TAUHID;"Berkata Asy-Syaikh Shaleh Al-Fauzan hafizhahullah :

Kalimat ""?? ??? ??? ????"" adalah kalimat yang agung, ringan di lisan dan berat di timbangan, dikarenakan hakekatnya ia adalah kandungan islam.

Akan tetapi kalimat ini tidak sekedar lafadz bahkan kalimat ini memiliki makna, konsekuensi, rukun dan syarat yang harus diketahui. 

Seandainya yang diinginkan sekedar melafadzkannya jadilah semua orang yang mengucapkannya seorang muslim, dikarenakan mengucapkan ""?? ??? ??? ????"" sangat mudah, jadilah dia seorang muslim walau tidak memiliki amalan sedikitpun.

Maka kalimat ini adalah kalimat yang mulia akan tetapi kalimat ini memiliki makna, konsekuensi, rukun dan syarat yang harus diwujudkan.

Karena inilah kalimat ini tidak akan memberi manfaat kecuali disertai terwujudnya perkara-perkara yang disebutkan tadi (makna, konsekuensi, rukun dan syaratnya).

? [Silsilah syarhil rosail (Syarah tafsir kalimat tauhid). hal : 115]"
ULAMA SALAF;KEKHUSUSAN HARI JUM'AT;"al-Imam Ibnul Qayyim rahimahullah berkata:

? ""Di antara bimbingan Nabi —shallalahu 'alaihi wa sallam— MENGAGUNGKAN dan MEMULIAKAN hari ini (Jum'at), serta mengkhususkannya dengan ibadah-ibadah yang memang khusus untuknya yang tidak ada pada hari-hari lainnya.

? Para ulama berbeda pendapat: apakah Hari Jum'at yang paling utama ataukah hari 'Arafah? Ada dua pendapat dalam hal ini. Kedua pendapat tersebut merupakan dua versi di kalangan madzhab Syafi'i.

? Nabi —shallallahu 'alaihi wa sallam— dulu terbiasa pada fajar (shalat shubuh, pen) hari Jum'at membaca dua surat:
? Alif Laam Mim Tanzil (yakni surat as-Sajdah, pen)
? Hal ata 'ala al-Insan (yakni surat al-Insan, pen)

.....

? Aku mendengar Syaikhul Islam Ibnu Taimiyyah rahimahullah mengatakan:
""Dulu Nabi —shallallahu 'alaihi wa sallam— terbiasa membaca dua surat tersebut pada fajar (shalat shubuh, pen) hari Jum'at tidak lain karena kedua surat itu mengandung penjelasan tentang peristiwa yang telah dan akan terjadi pada hari itu. Kedua surat itu mengandung (antara lain):
? Penciptaan Adam,
? Penyebutan hari Akhir,
? Dikumpulkannya para hamba,
Yang itu terjadi pada hari Jum'at.

? Maka membaca dua surat tersebut pada hari Jum'at sebagai bentuk pengingat terhadap umat tentang apa yang telah terjadi dan akan terjadi pada hari itu.""

.....

Dan hendaknya kita semua *MEMPERBANYAK SHALAWAT KEPADA NABI ? PADA MALAM dan HARI JUM'AT*

Nabi ? bersabda:

? ""?????????? ?????????? ??????? ?????? ??????????? ?????????? ??????????? ? ?????? ?????? ??????? ??????? ?????? ???? ???????? ???????""

""Perbanyaklah bershalawat kepadaku pada hari Jum'at dan pada malam Jum'at. Barangsiapa bershalawat kepadaku sekali, maka Allah akan bershalawat kepadanya sepuluh kali.""

(HR. al-Baihaqi no. 5994, dari shahabat Anas bin Malik radhiyallahu 'anhu, Hadits ini Hasan, lihat kitab Silsilah ash-Shahihah, no. 1407)

? Sumber:
Lihat kitab Zaadul al-Ma'aad, hal, 133 "
ULAMA SALAF;KETIKA HATI TIDAK TERSENTUH OLEH AYAT-AYAT AL-QUR'AN;"Asy-Syaikh Muhammad bin Shalih al-'Utsaimin rahimahullah:

??? ???? ?? ???? ??? ???? ???????? ?????? ????? ???????? ??? ??? ?? ?????? ???????.

? ""Apabila engkau melihat pada dirimu, bahwa setiap kali engkau membaca al-Qur'an bertambah pula imanmu, maka itu salah satu tanda taufiq (dari Allah Ta'ala).

??? ??? ??? ???? ?????? ??? ?????? ?? ? ????? ??????? ????.

? Namun apabila engkau membaca namun tidak berpengaruh pada dirimu, maka kamu harus segera mengobati dirimu.

?? ???? ?? ???? ??? ???????? ? ????? ???? ?? ???? ?? ???? ?? ?????.

?? Aku tidak mengatakan pergilah kamu ke Rumah Sakit, untuk mendapatkan satu dosis obat, cairan, atau lainnya.

???? ???? ??????? ????? ? ??? ????? ??? ?? ????? ??????? ??? ????? ??? ???? ??? ???? ????????? ???? ???????.

?? Namun engkau harus terus menerus MENGOBATI HATI. Karena hati yang tidak bisa mengambil manfaat dan nasehat dari al-Qur'an, maka itu adalah HATI YANG KERAS DAN SAKIT. Kita memohon kepada Allah perlindungan.""

Wallahul musta'an

? Sumber:
Lihat kitab Syarh Riyadhush Shalihin 1/545 "
ULAMA SALAF;SIAPAKAH SEJATINYA ORANG YANG BERDZIKIR;"Berkata lbnul Jauzy rahimahullah :

? Bukanlah orang yang berdzikir itu orang yang mengatakan [ Subhanallah ] dan [ Alhamdulillah ] dalam keadaan hatinya terus menerus dalam kemaksiatan?.

?Namun sejatinya orang yang berdzikir adalah orang yang apabila ingin melakukan kemaksiatan, ia pun akan teringat bahwa ia kelak akan berdiri dihadapan Sang Maha Mengetahui perkara yang ghoib (tersembunyi).

? [At Tadzkiroh 86]"
SYAIKH IBN UTSAIMIN;DENGAN SEDEKAH, ALLAH AKAN BUKAKAN PINTU REZEKI UNTUKMU;"Asy Syeikh Al Utsaimin rohimahullah :

? Janganlah engkau berperasangka jika engkau bersodaqoh sepuluh dari seratus kemudian menjadi sembilan puluh engkau menganggap akan mengurangi hartamu.

? Bahkan akan tambah berkembang hartamu dan bertambah barokahnya.

? Dan engkau akan dibukakan rezeki dari jalan yang tidak kamu sangka sangka.

? [Syarah Riyadhus Shalihin 3/525]"
SYAIKH IBN BAZ;KAIDAH MANDI YANG MENCUKUPI DARI WUDHU;"Asy-Syaikh Abdul Aziz bin Abdullah bin Baz rahimahullah :

? *Pertanyaan* :
Apakah mandi mencukupi dari wudhu?

? *Syaikh berkata* : 
Mandi dari apa?

? *Penanya* : 
Mandi seperti mandi Jum'at

? *Jawab Syaikh* : 
Mandi Jum'at tidak mencukupi karena mandi Jum'at tidak mengangkat hadats. Adapun mandi junub, maka mencukupi dari wudhu. Dalil tentang mandi janabah mencukupi dari wudhu adalah firman Allah ta'ala : 

_“Dan jika kamu junub, maka mandilah”_ ? [al-Maidah 6]

? Pada ayat tersebut tidak disebutkan wudhu.

? Berkata al-Imam Ibnu Baz :
Adapun mandi Jum'at, maka jika dia berkehendak (mau), berwudhu sebelumnya dan jika dia berkehendak (mau), dia berwudhu setelahnya. Sehingga tidak cukup mandi semata, bahkan harus berwudhu sebelum atau setelah mandi.

? [Majmu' Fatawa Ibnu Baz 29/94]

? Sumber Fatwa
https://www.sahab.net/forums/index.php?app=forums&module=forums&controller=topic&id=129308"
SYAIKH IBN UTSAIMIN;SEBAB MELIMPAHNYA REZEKI PADA ORANG KAFIR DAN ORANG YANG BERMAKSIAT;"Syaikh Muhammad bin Shalih al-'Utsaimin rahimahullah

Keadaan orang yang bermaksiat, orang fasik, orang durhaka, dan orang kafir diberikan kesehatan dan rezeki berlimpah atas mereka merupakan bentuk istidraj (diperdaya) dari Allah subhanahu wa ta'ala untuk mereka. Karena telah tsabit dari Nabi shallallahu 'alaihi wa sallam, sabda Beliau :

_“Sesungguhnya dunia itu penjara bagi orang mukmin dan surga bagi orang kafir.”_

Sehingga mereka diberi kebaikan-kebaikan tersebut untuk disegerakan bagi mereka kebaikan mereka dalam kehidupan mereka di dunia dan pada hari kiamat mereka akan memperoleh balasan yang pantas mereka dapatkan.

? Sumber Fatwa
http://www.sahab.net/forums/index.php?showtopic=120148

? Janganlah engkau merasa iri terhadap kekayaan dan kemakmuran mereka wahai kaum muslimin, karena umat islam berpegang pada 2 hal yakni :

1. Dunia bukanlah kampung halaman untuk kembali yang kekal abadi.
2. Sebaik-baik bekal adalah amal shaleh, yang menjadi tiket menuju jannah."
SYAIKH AL ALBANI;JAUHI SIFAT BURUK SANGKA DAN SUKA MENDUGA-DUGA;"As-Syaikh Al-Imam Al-Albany rahimahullah :

_“Kebanyakan terjadi putusnya silaturrahim dan pertikaian adalah karena sebab banyak mengikuti hati dari persangkaan-persangkaan dan menduga-duga terhadap saudaranya yang muslim.”_

? [Silsilatul Huda wan nuur (Kaset no. 23)]

? Maka hendaknya seorang muslim menjauhi sikap berburuk sangka terhadap saudaranya.

? Alih bahasa :
al-Ustadz Abu Arkan Athoullah hafidzahullah"
SYAIKH FAUZAN;KAMU ISLAM?? ISLAM YANG BAGAIMANA??;"Asy Syeikh Sholih Al Fauzan hafidzohullah:

(?? ????? ???????? ?? ???? ????? ???? ??????? ?????? ??? ?? ????? ?????? ??? ???? ?????? ??????? ??? ??? ????? ??????? ?? ?????? ?????? ??? ??? ??? ?????? ??? ???? ???? ????? ??? ????? ??? ???? ???? ??? ????)

? Dari mereka dai yang menyeru kepada kesesatan ada yang berkata: manusia ini semuanya muslim!

??Muslim ikut jalan yang mana?

? Muslim yang mengikuti jalannya Rosulullah shollallahu alaihi wa sallam dan para shohabatnya maka yang demikian ini iya benar kita terima.

? Atau namanya hanya islam tapi diatas jalan yang menyimpang, diatas manhaj si fulan dan si allan maka mereka ini sesat dari jalan yang benar yang menjurus kepada neraka jahannam.

•••••••••••••
www.alfawzan.af.org.sa/node/15030

Coba jawab sendiri di hati anda, apakah anda sudah termasuk yang punya ke-islam-an sesuai ajaran nabi muhammad shalallahu alaihi wasallam atau belum?"
SYAIKH IBN BAZ;HUKUM SESEORANG YANG LUPA MEMBASUH SALAH SATU ANGGOTA WUDHU;"Syaikh Abdul Aziz bin Abdullah bin Baz rahimahullah

? *Pertanyaan* :
Apa hukum orang yang lupa suatu perkara pada wudhu baik perkara itu wajib atau sunnah, apakah dia mengulangi membasuh anggota wudhu itu sendiri atau mengulangi wudhu seluruhnya?

? *Jawaban* :
Apabila waktu (teringatnya) itu dekat, maka dia ulangi membasuh anggota wudhu yang terlupa dibasuh tersebut dan anggota wudhu yang setelahnya.

Adapun jika waktu pemisah (ketika dia lupa sampai teringat) tersebut lama, maka dia ulangi wudhu seluruhnya. Sehingga seandainya dia lupa semisal membasuh tangan kirinya ketika wudhu, kemudian teringat setelah mengusap kepalanya atau ketika membasuh kedua kakinya, maka dia mengulangi membasuh tangan kirinya, lalu mengusap kepalanya, kemudian membasuh kedua kakinya.

Namun kalau waktu pemisahnya sudah lama, maka dia mengulangi wudhu seluruhnya.

? Sumber Fatwa
http://www.binbaz.org.sa/node/16656"
SYAIKH IBN BAZ;PERBANYAKLAH DOA DI HARI JUM'AT;"Asy Syeikh Bin Baaz rohimahullah:

(?????? ??????? ?? ??? ?????? ?? ?????? ???? ?? ????? ??? ?????? ????????)

? Maka hendaknya untuk memperbanyak doa di hari jum'at dengan harapan bisa bersamaan dengan waktu yang mustajab.

•••••••••••••••••

? http://www.binbaz.org.sa/fatawa/1339"
SYAIKH IBN BAZ;BERTURUT-TURUT (AL-MUWALAH) DALAM WUDHU;"Syaikh Abdul Aziz bin Abdullah bin Baz rahimahullah

? *Pertanyaan* :
Seseorang mulai berwudhu pada sebagian anggota tubuhnya, kemudian air untuk wudhu habis, maka dia pun pergi ke tempat lain dan menyempurnakan apa yang tersisa dari anggota tubuhnya, apakah wudhunya ini sah?

? *Jawaban* :
Apabila waktunya itu tidak lama, tidak mengapa, yakni apabila waktu pemisahnya itu ringan tidak masalah, namun jika tidak demikian, hendaknya dia ulangi wudhunya dari awal.

? Sumber Fatwa
http://www.binbaz.org.sa/node/16647"
SYAIKH IBN UTSAIMIN;HUKUM BERWASIAT BAGI ORANG YANG HARTANYA SEDIKIT;"Syaikh Muhammad bin Shalih al-'Utsaimin rahimahullah

Apabila harta seseorang sedikit dan ahli warisnya itu miskin, maka yang utama adalah tidak mewasiatkan sesuatupun, baik sedikit maupun banyak, berdasarkan sabda Nabi shallallahu 'alaihi wa sallam :

_“Sesungguhnya jika engkau meninggalkan ahli warismu dalam keadaan kaya itu lebih baik daripada meninggalkan mereka dalam keadaan miskin.”_

? Berbeda dengan apa yang disangka sebagian orang awam, bahwasannya harus berwasiat, hal ini salah.

? Sehingga seseorang yang hartanya sedikit dan ahli warisnya itu miskin, tidak memiliki harta, maka tidak sepantasnya baginya berwasiat dan yang utama adalah tidak berwasiat.

? Sebagian orang umum mengira, bahwasannya jika tidak berwasiat, maka tidak ada pahala baginya, perkaranya tidaklah seperti itu, bahkan apabila dia meninggalkan harta untuk ahli warisnya, maka dia diberi pahala pada amalnya tersebut.

? [Syarhu Riyadhis shalihin]

? Sumber Fatwa
http://shamela.ws/browse.php/book-9260/page-52"
ULAMA KIBAR;HUKUM BEROBAT DENGAN SESUATU YANG HARAM;"Syaikh Abdul Muhsin bin Hamd al-'Abbad hafizhahullah

*Pertanyaan*
Apakah boleh berobat dengan sesuatu yang haram karena darurat sebagaimana bolehnya memakan bangkai karena darurat?

*Jawaban*
Ini bukan ternasuk perihal ini, karena daruratnya memakan bangkai terjadi dalam rangka menyelamatkan hidup. Sebab memakannya akan menegakkan badan.

Adapun orang yang sakit, maka tidak boleh menggunakan obat yang haram meskipun berdasarkan penelitian di dalamnya mengandung obat, akan tetapi hendaknya dia mencari obat yang baik.

?Syarh Sunan Abi Dawud 436




??? ??????? ??????? 
??????: ?? ???? ??????? ??????? ??????? ??? ???? ??? ?????? ?????????????: ??? ??? ?? ??? ??????? ??? ???????? ?????? ???? ?? ??? ????? ??????? ?????? ???? ?? ???? ?????? ???? ?????? ??? ?????? ?????? ?????? ??? ??? ??? ??? ??? ????? ????? ???? ?? ????? ????"
ULAMA SALAF;RIDHO TERHADAP TAKDIR;"Berkata Ibnul Qayyim rahimahullah :

_“Siapapun yg memenuhi hatinya dengan ridho terhadap taqdir maka Allah ta'ala akan penuhi hatinya dgn kekayaan, rasa aman dan kepuasan dan Allah ta'ala akan menuangkan pada hatinya kecintaan kepada-Nya, kembali kepada-Nya serta tawakkal kepada-Nya, dan seseorang yang luput darinya bagian keridhoan-Nya, maka hatinya akan dipenuhi dgn lawan dari yg demikian, dan dia akan tersibukkan dari apapun yg ada padanya kebahagian dan keberuntungannya.”_

? [Madarijus salikin 2/202]"
ULAMA SALAF;Sekilas Tentang Permasalahan Hati;"? *PERMISALAN DOSA YANG MENIMPA HATI*
Al-Imam Ibnul Jauzy rahimahullah berkata:

???? ????? ??? ????? ????? ????? ?? ?????? ?? ?? ?????? ???? ???? ????.

""Dosa yang menimpa hati seperti minyak yang mengotori pakaian, jika engkau tidak segera mencucinya maka dia akan melebar ke mana-mana."" ? Al-Mudhisy, hlm. 357

? *KEDUDUKAN TAKUT KEPADA ALLAH DALAM HATI*
Al-Imam Ibnu Qayyim al-Jauziyyah rahimahullah berkata:

????? ?? ???? ????? ??? ???????? ?????? ?? ????? ????? ???? ??????? ???.

""Takut kepada Allah merupakan tanda benarnya keimanan, dan kepergiannya dari hati merupakan tanda hilangnya keimanan darinya."" ? Madarijus Salikin, jilid 1 hlm. 552

? *KENAPA SESEORANG SULIT MENANGIS YANG DISEBABKAN KARENA TAKUT KEPADA ALLAH?!*
Al-Imam Ibnu Qayyim al-Jauziyyah rahimahullah berkata:

???? ????? ????? ?? ?????? ?? ???? ????? ????? ??? ????? ??? ???? ?????? ????? ?????? ?? ???? ????? ??????.

""Kapan saja mata kering dari tangisan yang disebabkan karena takut kepada Allah, maka ketahuilah bahwa keringnya itu karena kerasnya hati, dan hati yang paling jauh dari Allah adalah hati yang keras."" ? Badai’ul Fawaid, jilid 3 hlm. 347

? *MENGAPA HATI SULIT MENERIMA NASEHAT?!*
Al-Imam Malik bin Dinar rahimahullah berkata:

?? ????? ??? ??? ?? ???? ??? ???? ?? ???? ?? ??? ?? ????? ???? ????? ??? ??? ?? ?????? ?? ???? ??? ???????.

""Sesungguhnya badan jika sakit maka dia tidak akan enak makan, minum, tidur, dan istirahat. Demikian juga keadaan hati, jika dia diikat dengan kecintaan terhadap dunia, maka berbagai nasehat tidak akan bermanfaat baginya."" ? Az-Zuhd al-Kabir, hlm. 25

? *KUNCI KEHIDUPAN HATI*
Al-Imam Ibnu Qayyim al-Jauziyyah rahimahullah berkata:

????? ???? ????? ???? ?????? ??????? ???????? ???? ??????.

""Kunci kehidupan hati adalah tadabbur al-Qur'an, berdoa dengan penuh ketundukan hati di waktu sahur, dan meninggalkan dosa-dosa."" ? Hadil Arwah, hlm. 100

? *HAKEKAT KEKAYAAN HATI*
Al-Imam Ibnu Qayyim al-Jauziyyah rahimahullah berkata:

?????? ??? ????? ??????? ????? ????.

""Hakekat kekayaan hati adalah bergantungnya hanya kepada Allah saja."" ? Madarijus Salikin, jilid 2 hlm. 420"
SYAIKH AL ALBANI;DZIKIR PELINDUNG PAGI dan MALAM;"Di antaranya; Membaca kalimat berikut 10 kali.


? Dari Shahabat *Abu Ayyub Al-Anshori* _rodhiyallahu ‘anhu_ , Rasulullah _shollallahu ‘alaihi wasallam_ pernah bersabda (artinya): 

_”Barangsiapa mengucapkan di waktu pagi (?) (dzikir berikut) sepuluh kali;_

??? ?????? ?????? ??????? ???????? ??? ??????? ????? ???? ????????? ?????? ????????? ?????? ????? ????? ?????? ???????""

? _”Tidak ada tuhan (yang berhak disembah) kecuali Allah satu-satunya, tiada sekutu bagi-Nya, Milik-Nya lah semua kerajaan dan pujian. Dia lah Yang Maha mampu atas segala sesuatu.”_

?? *Maka, (ganjarannya) dengan sebab itu:*
1- Akan dituliskan untuknya sepuluh kebaikan,
2- Dihapuskan baginya sepuluh kejelekan,
3- Dinaikkan untuknya sepuluh derajat, 
4- (Kalimat-kalimat) yang ia ucapkan itu setara dengan (pahala) membebaskan empat budak,
5- Serta bisa melindungi dirinya dari Syetan hingga sore,

? *Barangsiapa mengucapkan kalimat-kalimat itu selepas sholat Maghrib maka (keutamaannya) juga seperti itu sampai pagi.”*

? [ *HR. Ibnu Hibban* no.2023 dan selainnya ]
????
? Derajat Hadits: *Hasan.*
????
Hadits ini dihasankan Asy-Syaikh Al-Albani rohimahullah di bawah pembahasan hadits no. 113 & 2563 dalam kitab *“Ash-Shohihah”* dikarenakan ada penguat-penguat. Lihat pula kitab *“At-Ta'liqot Al-Hisan 'ala Shohih Ibn Hibban”* no. 2020; karya Asy-Syaikh Al-Albani -.

(?) *Waktu Pagi* yang dimaksud adalah setelah selesai sholat Shubuh. Sebagaimana disebutkan dalam hadits Abu Huroiroh rodhiyallahu ‘anhu. 
? [ *HR. Al-Khotib Al-Baghdadi* dalam kitab *Tarikh Baghdad* no.6846 (12/384) ]

? Hadits yang semakna dengan ini juga diriwayatkan dari shahabat lain dengan sanad yang shohih.

???
? Semoga Allah Ta'ala senantiasa menjaga kita dari kejahatan syaithon, Aamiin. 

_Wallahul Muwaffiq_"
SYAIKH IBN UTSAIMIN;PANJANG UMUR DALAM KEBAIKAN;"Itulah yang ideal.

Adapun panjang umur dalam kejelekan dan kemaksiatan, sangat jauh dari harapan dan cita-cita orang yang beriman. 

? Betapa banyak manusia ingin dipanjangkan umurnya. Sampai-sampai, sebagian mereka mengatakan “Aku ingin hidup seribu tahun lagi.”. Yang jelas, panjang umur telah menjadi harapan sebagian penduduk bumi ini. 

? Islam sebagai pedoman hidup kita yang sempurna, membimbing pemeluknya untuk memanfaatkan kehidupan ini dengan beribadah.
Tatkala Allah _Ta’ala_ anugerahkan kepada seorang manusia umur panjang, hendaklah ia gunakan untuk memperbanyak amal kebajikan. Dengan itu ia pantas menyandang gelar “Manusia Terbaik”.

? Dari shahabat *Abdullah bin Busr* _rodhiyallahu ‘anhu_, Bahwasanya Rasulullah _shollallahu ‘alaihi wasallam_ pernah ditanya oleh satu orang badui; *“Siapakah manusia terbaik?”*

? Beliau _shollallahu ‘alaihi wasallam_ menjawab:

«?????? ?????? ????? ???????? ???????? ????????»

_“Kebahagiaan bagi orang yang panjang umurnya serta baik amalannya.”_

? [ *HR. Ahmad* no. 17680, 17698, *At-Tirmidzi* no. 2329, *Ibnu Abi Syaibah* no. 34420, *Ath-Thobaroni* dalam *”Al-Ausath”* no. 1441, *Abu Nu’aim* dalam *”Al-Hilyah”* (6/111). Lafadz tersebut diambil dari “Al-Hilyah”. ] , ? Derajat Hadits: *Shohih.*
Dishohihkan Asy-Syaikh Al-Albani -rohimahullah- dalam kitab “Shohih Al-Jami’” no. 3928, “Al-Misykah” no. 2270, “Ash-Shohihah” di bawah pembahasan no. 1836.

????
? Asy-Syaikh Ibnu ‘Utsaimin _rohimahullah_ menjelaskan, “Tidak boleh bagi kita untuk mendoakan seseorang secara mutlak dengan panjang umur (tanpa dikaitkan dengan kebaikan, pen.). Sebab, panjangnya umur seseorang bisa dalam kebaikan dan bisa dalam kejelekan. Sedangkan, Sejelek-jelek orang adalah yang panjang umurnya dan jelek pula amalannya. 
Seandainya seseorang mengatakan: *“Semoga Allah -Ta’ala- panjangkan umurmu di atas ketaatan kepada Allah,* dan semisalnya. Yang demikian tidak mengapa.” [ Lihat *”Majmu’ Fatawa wa Rosail al-‘Utsaimin”* soal no. 422 (3/71). ]

_Wallahul Muwaffiq_ "
SYAIKH IBN UTSAIMIN;ORANG YANG TIDAK PANTAS ENGKAU BENCI;"Syaikh Muhammad bin Shalih al 'Utsaimin rahimahullah

Semua orang yang telah berbuat baik kepadamu terutama dalam hal agama, nasehat, memerintah kepada perkara yang ma'ruf (baik menurut syariat), melarang dari yang mungkar; maka orang seperti ini sepantasnya perlu darimu untuk engkau cintai dan sayangi.

Tidak seperti apa yang dilakukan sebagian orang sekarang. Ketika engkau memerintahnya kepada yang ma'ruf dan melarangnya dari yang mungkar atau mengajaknya kepada kebaikan ataupun memberinya bimbingan, maka hal yang engkau lakukan ini seringnya akan membawa kebencian dalam hatinya kepadamu. Tentunya perasaan seperti ini berlawanan dengan akal yang sehat dan berlawanan dengan tuntunan agama Islam.

? [Syarh Iqtidha' ash Shirath al Mustaqim 279]"
SYAIKH FAUZAN;MUKMIN YANG CERDAS;"Syaikh Shalih Al-Fauzan hafizhahullah

? Yang wajib atas seorang mukmin adalah menjadi orang yang pandai lagi cerdas, sebagaimana sabda Nabi shallallahu 'alaihi wa sallam :

_“Orang mukmin itu adalah orang yang pandai lagi cerdas.”_ ? [Al Hadits]

Dan sabda Beliau :

_“Orang Mukmin tidak boleh disengat binatang berbisa dua kali dari satu lubang yang sama.”_ ? [Al Hadits]

? Maka orang mukmin itu tidak akan tergesa-gesa menerima ucapan, madzhab, atau manhaj hingga memeriksanya dengan teliti.

?Lalu bagaimana cara memeriksanya?

? Hendaknya dia cocokkan dengan al-Qur'an dan sunnah, jika dia mengetahuinya, namun jika tidak mengetahuinya, hendaknya dia bertanya kepada orang yang berilmu dan orang yang memiliki hujjah tentangnya sampai mereka membedakan untuknya perkara yang benar dan yang batil.

?Hal ini wajib atas kita seluruhnya untuk tidak tertipu dengan propaganda yang dipoles, disamarkan, dan dibungkus dengan sesuatu yang membuatnya bagus hingga kita selidiki kejelekannya dan kita ketahui hakekat perkaranya, apabila kita mampu melakukan itu --falhamdu lillah---.

? Namun jika tidak mampu, maka kita tanyakan kepada orang yang berilmu dan orang yang memiliki hujjah, yang mereka bisa membedakan yang hak dan yang batil.

? [I'anatul Mustafid]

? Sumber Fatwa
http://bayenahsalaf.com/vb/showthread.php?p=57928"
SYAIKH IBN UTSAIMIN;HUKUM KULTUM/CERAMAH SHALAT TARAWIH;"_Asy Syaikh Muhammad bin Shalih Al ‘Utsaimin rahimahullah_

?Pertanyaan : Bagaimana hukum ceramah atau nasehat yang disampaikan di antara atau di tengah-tengah shalat Tarawih secara kontinu?

Jawaban :
Tidaklah mengapa sekiranya (imam) berdiri untuk dua raka’at selanjutnya lantas melihat ketidaklurusan atau celah dan kerenggangan pada shaf para makmum, kemudian ia berkata :
‘??????????? ???? ???????????

“Luruskan atau rapatkan (shaf)!” 

Yang semacam ini tidak mengapa.
?Adapun ceramah atau nasehat (seiring atau di antara shalat Tarawih), maka jangan. Sebab yang demikian bukanlah petunjuk Salaf. Akan tetapi, nasehat dapat disampaikan sekiranya memang ada kebutuhan untuk itu, atau selepas shalat Tarawih jika diinginkan. 

Namun, apabila diniatkan sebagai ta’abbud (ritual ibadah) maka terjatuh pada bid’ah. Dan, tanda hal tersebut dilakukan dengan niat ta’abbud adalah dengan melakukannya secara kontinu setiap malam. Selanjutnya, kami katakan :

Wahai Saudaraku, mengapa Anda memberi ceramah kepada manusia? Bukankah bisa jadi sebagian orang memiliki kesibukan dan ingin segera menyelesaikan shalat Tarawih, dan berpaling (bersama imam sampai akhir selesai sholat) untuk mendapatkan ucapan Nabi shallall?hu ‘alaihi wa sallam :

???? ????? ???? ????????? ?????? ?????????? ?????? ???? ??????? ????????

“Barangsiapa yang melakukan shalat (Tarawih) bersama imam sampai imam selesai dan berpaling maka dicatat baginya shalat semalam penuh.” 

Kalaupun Anda senang (memberi) ceramah dan setengah, bahkan 3/4 dari jama’ah pun senang dengan ceramah tersebut, maka janganlah memenjarakan 1/4 sisanya karena kecintaan 3/4 jama’ah tadi. Bukankah Rasulullah Shallal?hu ‘alaihi wa sallam berkata, yang kurang lebihnya :

????? ????? ?????????? ???????? ????????????? ??????? ???? ????????? ???????? ???????????? ????? ??????????

“Jika seseorang dari kalian mengimami manusia, maka ringankanlah, sebab di belakangnya terdapat orang yang lemah, sakit atau memiliki keperluan.” 

Maksudnya, janganlah menyamakan kondisi manusia dengan kondisi dirimu atau mereka yang menyukai ceramah tersebut. Namun samakanlah manusia dengan hal-hal yang melegakan mereka. Shalatlah Tarawih bersama mereka. 

Selepas shalat, setelah Anda dan orang-orang berpaling dari shalat, maka silahkan Anda menyampaikan apa yang Anda sukai dari ceramah. 

Kita memohon kepada Allah agar menganugerahkan kepada kita ilmu yang bermanfaat serta amal shalih. Berikan kabar gembira kepada mereka untuk menghadiri majelis tersebut. Sebab :
(“Siapa yang menempuh jalan untuk mencari ilmu, niscaya Allah akan permudah jalannya menuju surga.”)

?????? ??? ?? ????????? ???? ???? ???? ??? ????? ???? ???? ??? ????? ??????."" ?????.

? Liqa' al-Bab al-Mafuh 118

?Pertanyaan : Pada sebagian umat Islam, jika selesai salat tarawih, sebelum tarawih pasti ada kultum. Apa ada contoh dari Nabi shallallahu ‘alaihi wa sallam? Apa itu bid’ah?

_Penjelasan dari Al Ustadz Muhammad bin ‘Umar As Sewed hafizhahullah:_

Namanya kultum atau nasihat, kapan saja boleh. Setelah tarawih, sebelum tarawih, atau sebelum salat witir, semua boleh. 

Kita memberikan nasihat ketika berkumpulnya mereka, tetapi jangan dianggap bahwa itu sesuatu yang wajib atau sesuatu yang syari’at harus begitu. 
??Tidak diperintahkan pada waktu tertentu setelah tarawih.
??Tidak diperintahkan pada waktu tertentu sebelum tarawih. 
??Tidak diperintahkan pada waktu tertentu sebelum witir.  

Itu sekedar nasihat yang KAPAN SAJA boleh sehingga jangan sampai diyakini bahwa itu adalah sesuatu yang disyariatkan harus begitu. 

Kalau khawatir dikira oleh masyarakat bahwa itu adalah sesuatu yang wajib (sesuatu syariat) maka sesekali diliburkan.
Jika ada yang bertanya, “Kok nggak ada kultum?” Maka dijawab, “Iya, libur.” Jika tanya lagi, “Kok bisa libur?” Dijawab, “Ya karena memang tidak diwajibkan dan tidak ada perintah haru begitu.” Atau diganti sesekali ba’da tarawih, sesekali sebelum tarawih, sesekali setelah shalat tarawih sebelum witir, setelah kultum baru witir.Silakan. Na’am, wallahu ta’ala a’lam. "
ULAMA SALAF;DOAKAN SAUDARAMU DENGAN KEBAIKAN;"Niscaya malaikat akan mendoakanmu dengan semisalnya.


? Dari *Shofwan bin Abdillah bin Shofwan* _-rohimahullah-_ (Menantu Abu Darda` _rodhiyallahu ‘anhu_, pen.) ; beliau pernah mengatakan: 

? “Ketika saya sampai di Syam, saya berusaha bertemu Abu Darda` di rumahnya; namun saya tidak menjumpainyat. Yang saya jumpai adalah Ummu Darda`. 
? Ummu Darda` mengatakan: _Apakah engkau ingin menunaikan Haji tahun ini?_
? Aku katakan: _Ya_ 
? Kemudian beliau mengatakan: _Berdoalah untuk kami dengan kebaikan_ . Karena Nabi _shollallahu ‘alaihi wasallam_ pernah bersabda: 

???????? ????????? ??????????? ????????? ???????? ????????? ?????????????? ?????? ???????? ?????? ?????????? ???????? ????? ????????? ????????? ????? ????????? ???????????? ????: ?????? ?????? ???????? ""

_”Doa seorang muslim untuk saudara (seiman) saat ia tak ada di hadapannya;_*mustajab (dikabulkan).”* 
_”Di atas kepalanya ada satu malaikat yang ditugaskan bersamanya._
*""Setiap kali orang itu berdoa kebaikan untuk saudaranya. * _Malaikat yang ditugaskan bersamanya mengatakan: _
*”Aamiin”* (kabulkanlah) , *”Semoga engkau mendapatkan semisalnya.”*

? [ *HR. Muslim* no. 2733-(88) ]
????
? Derajat Hadits: *Shohih.*
????
Hadits ini juga diriwayatkan dari Shahabat Abu Darda` -rodhiyallahu ‘anhu- dalam “Shohih Muslim” no.2732-(86).
????
? Berkata Al-Imam An-Nawawi _rohimahullah_:
“Dahulu sebagian Salaf (pendahulu kita yang sholih,pen.) apabila ingin berdoa meminta kebaikan untuk dirinya, ia berdoa untuk saudaranya yang muslim dengan doa semisal. Karena doa tersebut dikabulkan, (akhirnya) ia mendapatkan semisal yang diminta.” 
[ Lihat *Syarah Shohih Muslim* (17/49) ]

_Wallahul Muwaffiq_ "
ULAMA SALAF;DOAKAN SAUDARAMU DENGAN KEBAIKAN;"_Niscaya malaikat akan mendoakanmu dengan semisalnya_

? Dari Shafwan bin Abdillah bin Shafwan rahimahullah (Menantu Abu Darda' radhiyallahu ‘anhu), beliau pernah mengatakan : 

Ketika saya sampai di Syam, saya berusaha bertemu Abu Darda' di rumahnya, namun saya tidak menjumpainya. Yang saya jumpai adalah Ummu Darda'.

Ummu Darda` mengatakan : _Apakah engkau ingin menunaikan Haji tahun ini?_

Aku katakan : _Ya_ 

Kemudian beliau mengatakan : _Berdoalah untuk kami dengan kebaikan, karena Nabi shalallahu ‘alaihi wasallam pernah bersabda :_

???????? ????????? ??????????? ????????? ???????? ????????? ?????????????? ?????? ???????? ?????? ?????????? ???????? ????? ????????? ????????? ????? ????????? ???????????? ????: ?????? ?????? ???????? ""

_Doa seorang muslim untuk saudara (seiman) saat ia tak ada di hadapannya, mustajab (dikabulkan)_

_Di atas kepalanya ada satu malaikat yang ditugaskan bersamanya._

_Setiap kali orang itu berdoa kebaikan untuk saudaranya, malaikat yang ditugaskan bersamanya mengatakan : ”Aamiin” (kabulkanlah), ”Semoga engkau mendapatkan semisalnya.”_

? [HSR. Muslim no. 2733-(88)]
Derajat Hadits : Shahih.

Hadits ini juga diriwayatkan dari Shahabat Abu Darda' radhiyallahu ‘anhu dalam Shahih Muslim no.2732-(86).

? Berkata Al-Imam An-Nawawi rahimahullah :
“Dahulu sebagian Salaf (pendahulu kita yang shalih), apabila ingin berdoa meminta kebaikan untuk dirinya, ia berdoa untuk saudaranya yang muslim dengan doa semisal. Karena doa tersebut dikabulkan, (akhirnya) ia mendapatkan semisal yang diminta.” ? [Lihat Syarah Shahih Muslim (17/49)]

Wallahul Muwaffiq"
SYAIKH IBN BAZ;HUKUM SHALAT DIBELAKANG SEORANG YANG TIDAK DIKETAHUI MELAKUKAN SHALAT WAJIB ATAU SUNNAH;"? Syaikh Abdul Aziz bin Abdullah bin Baz rahimahullah

? *Pertanyaan* :
Apabila saya masuk masjid dan mendapati seseorang sedang shalat namun saya tidak tahu, dia sedang shalat sunnah atau wajib, apa yang harus saya lakukan?

? *Jawaban* :
Apabila jamaah shalat belum hadir, maka Anda menunggunya, dengan melakukan shalat sunnah Tahiyyatul Masjid, dan apabila shalat wajib memiliki sunnah rawatib, misalnya shalat Zhuhur, maka Anda shalat rawatib sebelum Zhuhur dan menunggu shalat jama'ah hingga orang-orang hadir dan Anda shalat bersama mereka.

Adapun apabila mereka telah shalat berjamaah, maka Anda shalat bersama orang yang sedang shalat tersebut hingga Anda berjamaah dengannya, Anda sebagai makmum dan dia sebagai imamnya, sehingga Anda memperoleh keutamaan shalat berjamaah meskipun orang tersebut melakukan shalat sunnah, Anda tetap mendapat keutamaan shalat berjamaah.

Atau Anda bertanya kepadanya dengan mengatakan : _“Apakah orang-orang sudah shalat?”_ apabila permasalahannya memiliki isykal (kesamaran), maka Anda bertanya : _“apakah orang-orang sudah shalat?”_

? Jika mereka belum shalat maka anda tunggu, namun jika orang-orang sudah shalat, maka Anda shalat bersamanya hingga Anda memperoleh keutamaan berjamaah.

? Sumber Fatwa
http://www.binbaz.org.sa/node/15786

? Majmu'ah Al Ukhuwwah"
SYAIKH IBN UTSAIMIN;SESEORANG YANG MEMBANTU ORANG LAIN DALAM KETAATAN, DIA MENDAPAT PAHALA SEMISAL ORANG TERSEBUT;"? Syaikh Allamah Ibnu Utsaimin rahimahullah mengatakan,

Sesungguhnya, setiap orang yang membantu orang lain dalam ketaatan kepada Allah, dia akan mendapatkan pahala yg sama dengan orang itu.

? Jika engkau membantu penuntut ilmu untuk :
? Membeli kitab,
? Membangun asrama,
? Nafkah,
Atau semacam itu.

? Maka semuanya mendapatkan pahala seperti orang itu, tanpa berkurang pahala yg menuntut ilmu tersebut.

? Demikian pula jika engkau membantu orang yg salat untuk mempermudah kebutuhannya dalam salatnya :
? tempatnya
? bajunya
? air wudhunya
atau yang selain itu.

? *MAKA AKAN DITULISKAN BAGIMU PAHALA*

?? KAIDAH UMUMNYA :
? Setiap orang yang membantu orang lain dalam suatu ketaatan kepada Allah, dia akan mendapatkan pahala seperti orang tersebut, tanpa mengurangi bagian pahala dari orang yang beramal sedikit pun.

Wallahul muwaffiq

? [Syarh Riyadhus Shalihin 2/375]"
ULAMA SALAF;NASEHAT AL-HASAN AL-BASHRI TENTANG CATATAN AMAL MANUSIA;"? Al-Hasan al-Bashri rahimahullah (seorang tabi’in) pernah membaca sebuah ayat :

???? ?????????? ?????? ?????????? ??????? 

_“...(Malaikat) dari sebelah kanan dan dari sebelah kiri (keduanya) berjaga (mencatat amal)”_ ? [Qof 17]

(Kemudian beliau berkata) Wahai Anak Adam, telah dibentangkan lembar (catatan amal)mu. Ditugaskan 2 Malaikat mulia (untuk menjaga amalmu). Salah satunya berada di sebelah kananmu, dan yang lain di sebelah kirimu. 

? Malaikat yang sebelah kanan menjaga kebaikan-kebaikanmu. Sedangkan yang di sebelah kiri menjaga keburukan-keburukanmu. 

Berbuatlah sekehendakmu. Silakan perbanyak atau sedikitkan. Hingga nantinya saat engkau meninggal, dilipatlah lembar (catatan amal)mu, diletakkan di lehermu. Bersamamu di kuburmu. Nantinya akan dikeluarkan pada hari kiamat sebuah kitab (kumpulan catatan) yang dia dapati terbuka :

??????? ????????? ?????? ?????????? ????????? ???????? ????????

_“Bacalah kitabmu, cukuplah engkau pada hari ini sebagai penilai terhadap dirimu sendiri”_ ? [al-Israa’ 14]

Sungguh sangat adil, Demi Allah, (Allah) yang menjadikan dirimu sebagai penilai keadaanmu sendiri 

? [riwayat atThobariy dalam Tafsirnya dan dinukil pula dalam Tafsir Ibnu Katsir rahimahumullah]"
SYAIKH IBN UTSAIMIN;WAJIB ATAS SETIAP MU'MIN UNTUK SEGERA BERTAUBAT;"? ... Asy-Syaikh Ibnu Utsaimin rahimahullah berkata:

? Wajib atas seorang mu'min untuk segera bertaubat, karena sungguh dia tidak mengetahui kapan ajal mendatanginya secara tiba-tiba.

? Berapa banyak seseorang keluar dari rumahnya dan tidak pernah kembali lagi!

? Berapa banyak seseorang tidur di kasurnya dan tidak bangun lagi!

? Berapa banyak seseorang duduk untuk makan dan tidak bisa menyelesaikannya.

?? Jadi kematian tidak memiliki waktu yang bisa diketahui oleh manusia hingga dia bisa menunda-nunda taubat.

?? Maka yang wajib atas setiap mu'min untuk segera bertaubat, sebelum berlalu waktu diterimanya.

? Allah Ta'ala berfirman:
""Dan hendaknya kalian semua bertaubat kepada Allah, wahai orang-orang yang beriman, agar kalian beruntung."" (QS. An-Nuur: 31)

? Sumber:
At-Taubah war Raqa-iq Fatawa Nuurun Alad Darb, kaset no.209 "
SYAIKH IBN UTSAIMIN;KEHIDUPAN YANG BERBAHAGIA : BERSYUKUR, BERSABAR DAN BERTAUBAT;"? Al-'Allamah Muhammad bin Shalih al-'Utsaimin rahimahullah berkata :

? Kehidupan yang berbahagia tidaklah seperti yang dipahami oleh sebagian orang, yaitu selamat dari berbagai bencana; kefakiran, sakit, dan problematika. Tidak!!

? Akan tetapi kehidupan yang berbahagia adalah kehidupan manakala kondisi seseorang :

?Bersih hatinya,
?Lapang dadanya,
?Ridha dengan segala ketentuan dan taqdir Allah Ta'ala,
?Bersyukur dikala mendapatkan sesuatu yang menyenangkan dan meyakini bahwa itu yang terbaik baginya,
?Bersabar dikala musibah menghampirinya dan meyakini bahwa itu yang terbaik baginya.

?Itulah kehidupan yang berbahagia, kehidupan yang diliputi ketentraman jiwa.

? Wajib atas seorang mu'min untuk segera bertaubat, karena sungguh dia tidak mengetahui kapan ajal mendatanginya secara tiba-tiba.

? Berapa banyak seseorang keluar dari rumahnya dan tidak pernah kembali lagi!

? Berapa banyak seseorang tidur di kasurnya dan tidak bangun lagi!

? Berapa banyak seseorang duduk untuk makan dan tidak bisa menyelesaikannya.

?? Jadi kematian tidak memiliki waktu yang bisa diketahui oleh manusia hingga dia bisa menunda-nunda taubat.

?? Maka yang wajib atas setiap mu'min untuk segera bertaubat, sebelum berlalu waktu diterimanya.

? Allah Ta'ala berfirman :
_""Dan hendaknya kalian semua bertaubat kepada Allah, wahai orang-orang yang beriman, agar kalian beruntung.""_ [An-Nuur 31]

?? [At-Taubah war Raqa-iq Fatawa Nuurun Alad Darb, kaset no.209]"
SYAIKH IBN UTSAIMIN;NAJIS TIDAK MEMBATALKAN WUDHU;"?? Asy-Syaikh Muhammad bin Shalih al-Utsaimin rahimahullah berkata:

??????? ?? ???? ??????? ???? ???? ??????? ?????
??? ????? ????? ???? ??? ??????? ??????.

""Najis tidak membatalkan wudhu, jadi jika seseorang terkena najis maka wudhunya tetap sah, hanya saja najis tersebut disiram.""


? Fatawa Nuurun Alad Darb, jilid 3 hlm. 200"
ULAMA SALAF;BIASANYA ORANG YANG BANYAK BICARA SEDIKIT ILMU DAN RASA TAKUTNYA KEPADA ALLAH;"? Al-Imam Abul Hasan al-Qaththan rahimahullah berkata :

_“Saya ditimpa kebutaan, dan saya menduga bahwa saya dihukum akibat saya banyak bicara ketika menuntut ilmu.”_

? Al-Imam adz-Dzahaby rahimahullah mengomentari perkataan beliau di atas :

Benar apa yang beliau katakan, demi Allah, sungguh mereka (para ulama) dahulu bersama dengan baiknya tujuan dan niat, seringnya mereka takut bicara dan menampakkan pengetahuan dan keutamaan yang mereka miliki.

Sedangkan sekarang, manusia banyak bicara dalam keadaan ilmu yang sedikit dan buruknya tujuan, kemudian sesungguhnya Allah akan membongkar kedok mereka dan akan menampakkan kebodohan, hawa nafsu, dan kegoncangan pada perkara-perkara yang mereka ketahui.

Maka kita memohon kepada Allah agar dikaruniai taufiq dan keikhlasan.

? [Siyar A'lamin Nubala', jilid 15 hlm. 464-465]

? Majmu'ah Marhaban Yaa Thalibal 'Ilmi"
SYAIKH IBN UTSAIMIN;KEUTAMAAN UMRAH DI BULAN RAMADHAN;"?? Asy-Syaikh Muhammad bin Shalih al-Utsaimin rahimahullah berkata:

?????? ?? ????? ???? ???? ???? ????? ?? ??? ????? ?? ???? ?? ????.

""Umrah di bulan Ramadhan sebanding dengan haji, sama saja apakah dilakukan sejak awal bulan, pertengahan, atau akhirnya.""

? Majmu’ul Fatawa, jilid 20 hlm. 71"
SYAIKH IBN UTSAIMIN;HAKEKAT ORANG YANG BERTAKWA;"? Berkata Asy-Syaikh al-Allamah Ibnu Utsaimin rahimahullahu :

? ""???????? ???????? ???? : ????? ???? ?????? ????? ???? ????? ?????? ??????? ????????? ???????? ""

_“Orang yang bertakwa yang sesungguhnya adalah orang yang tatkala bertambah kenikmatan-kenikmatan Allah atasnya, semakin bertambah ketawadhu'annya kepada al haq dan kepada manusia.”_

? [Al Qaulul Mufid (hal. 379)]"
SYAIKH IBN UTSAIMIN;KEUTAMAAN MERUTINKAN SUATU AMALAN KETIKA SEHAT DAN MUKIM;"Tetap mendapatkan pahala amalan sempurna; ketika sakit atau safar (bepergian).


? Dari shahabat *Abu Musa Al-Asy’ari* _rodhiyallahu ‘anhu_ , beliau mengatakan: “Rasulullah _shollallahu ‘alaihi wasallam_ bersabda:

????? ?????? ????????? ???? ???????? ?????? ???? ?????? ??? ????? ???????? ???????? ????????

_”Jika seorang hamba sakit atau safar, tetap ditulis untuknya semisal (pahala) amalannya tatkala mukim dan sehat.”_

? [ *HR. Al-Bukhori* no.2996 ]
????
? Derajat Hadits: *Shohih.*
??????
? *Asy-Syaikh Ibnu ‘Utsaimin* _rohimahullah_ menjelaskan:

? _“Di dalam hadits ini terdapat nasehat; Seyogyanya bagi orang yang berakal (cerdik) tetap semangat beramal sholeh selama dia memiliki kesehatan dan kesempatan. Sehingga tatkala ia tidak mampu untuk beramal sholeh dikarenakan sakit atau suatu urusan, tetap ditulis untuknya (pahala amal) sempurna.""_

? *(Oleh karena itu) manfaatkanlah masa sehat dan masa senggang, serta beramal sholehlah! …”*

? [ Lihat *Syarah Riyadhus Sholihin* (2/189) ]

_Wallahul Muwaffiq_ "
SYAIKH RABI';SYARAT-SYARAT WANITA BEKERJA;"? ?Al 'Allamah Rabi' bin Hadi al Madkhali hafizhahullah

Sungguh Islam sangat extra perhatian terhadap seorang wanita dengan membebani suaminya atau yang mengepalainya dari saudara lelaki atau bapaknya dan seterusnya untuk bekerja mencari rezeki dan nafkah.

Dengan demikian, seorang wanita itu ada yang menanggungnya di dalam Islam sehingga janganlah dia keluar kecuali bila tidak ada orang yang menanggung nafkahnya.

Bila ada orang yang menanggung nafkahnya, maka Allah Ta'ala sungguh telah memuliakannya untuk tetap di rumahnya dan tinggal di dalamnya, sebagaimana Firman-Nya Tabaraka Wa Ta'ala :

???????? ??? ???????????? ????? ??????????? ????????? ??????????????? ?????????? ?

_“Dan hendaklah kamu tetap di rumahmu dan janganlah kamu berhias dan bertingkah laku seperti orang-orang Jahiliyah yang dahulu.”_ ? [QS.Al Ahzab 33]

Namun bila ia terpaksa untuk bekerja, hendaknya ia bekerja di lapangan kerja kaum wanita dan jangan di lapangan kerja kaum pria. Misalnya mengobati kaum wanita, mengajar di sekolah-sekolah yang dikhususkan untuk kaum wanita.

Karena perkaranya sudah jelas dalam Islam, bahwa Allah Ta'ala mengharamkan ikhtilath, yaitu ikhtilath (campur baur) pria wanita. Begitu pula khalwat (berduaannya) seorang pria dengan seorang wanita tanpa mahram tidak boleh bagi wanita atau tidak boleh pria khalwat dengan wanita kecuali dengan mahram wanita. Tidak boleh juga wanita bepergian jauh kecuali dengan mahram. Semuanya ini sebagai bentuk penjagaan atas harkat wanita dan martabatnya serta penjagaan terhadap kesuciannya dan ketulusannya dari didekatinya kerusakan yang menimpa martabatnya. 

Maka, seorang wanita diperintah untuk tinggal di rumahnya dan diperintah untuk berhijab.

? [Fatawa Fadhilatusy Syaikh al 'Allamah Rabi' bin Hadi bin 'Umair al Madkhali hafizhahullah 2/406]"
ULAMA SALAF;KEDUDUKAN AL-QUR'AN DALAM KEHIDUPAN UMAT MANUSIA;"? Al-Qur’an merupakan pedoman dan lentera kehidupan bagi umat manusia. Kedudukannya sangat tinggi dan hikmah yang dikandungnya pun sangat berharga.

? Di dalamnya terdapat lautan ilmu, petunjuk kepada jalan yang lurus, cahaya kebenaran, rahmat, dan kabar gembira bagi orang-orang yang berserah diri kepada-Nya.

? Allah ‘Azza wa Jalla berfirman :

""???????????? ???????? ?????????? ?????????? ???????? ?????? ??????? ?????????? ?????????? ???????????????.""

_""Dan Kami turunkan kepadamu Al-Kitab (Al-Qur’an) untuk menjelaskan segala sesuatu dan petunjuk serta rahmat dan kabar gembira bagi orang-orang yang berserah diri.”_ [An-Nahl 89]

""??? ?????? ?????????? ???? ????????? ?????????? ????????? ?????? ???????? ??????? ??????? ????????? ???? ?????????? ????????? ??? ??????? ? ???? ???????? ????? ??????? ????? ????????? ???????? * ??????? ???? ??????? ???? ???????? ??????????? ?????? ?????????? ????????????? ????? ???????????? ????? ???????? ?????????? ????????????? ?????? ??????? ????????????.""

_""Hai Ahli Kitab, telah datang kepada kalian Rasul kami, menjelaskan kepada kalian banyak dari Al-Kitab yang kalian sembunyikan dan banyak pula yang dibiarkannya. Sesungguhnya telah datang kepada kalian cahaya dari Allah dan kitab yang menerangkan (al-Qur’an). Dengan kitab itulah Allah menunjuki orang-orang yang mengikuti keridhaan-Nya kepada jalan keselamatan. Dan (dengan kitab itu pula) Allah mengeluarkan orang-orang itu dari kegelapan menuju cahaya yang terang benderang dengan seizin-Nya, dan menunjuki mereka ke jalan yang lurus.”_ [Al-Maidah 15-16]

? Al-Imam Ibnul Qayyim rahimahullah berkata :

Kitabullah (Al-Qur’an) adalah yang paling berhak untuk dicurahkan kepadanya perhatian dan kesungguhan, yang paling agung untuk dikerahkan kepadanya pemikiran dan ditorehkan dengannya pena, karena ia sumber segala ilmu dan hikmah, tempat semua petunjuk dan rahmat.

? Al-Qur’an merupakan bekal termulia bagi ahli ibadah dan pegangan terkuat bagi orang-orang yang berpegang teguh (istiqamah).

? Barangsiapa berpegang teguh dengannya maka sungguh telah berpegang dengan tali yang kuat.

? Barangsiapa yang berjalan di atasnya maka sungguh telah berjalan di atas jalan yang lurus dan terbimbing menuju ash-shirathal mustaqim.

? [Kitab Al-Fawaid Al-Musyawwiq ila Ulumil Qur’an wa Ilmil Bayan hlm. 6-7]"
SYAIKH FAUZAN;FATAMORGANA KEBAHAGIAAN;"? Asy Syeikh Sholih Al Fauzan hafidzohullah:

? Kebanyakan manusia mengira bahwa kebahagiaan itu dengan banyaknya harta, ini tidak benar dan ini batil.

? Banyaknya harta tak memberi manfaat kepada Qorun, yang mana Allah tenggelamkan dia dan rumahnya kedalam bumi ketika dia berbuat melampaui batas dengan hartanya dan dia mengkufuri nikmat Allah atasnya.

? Sebagian mereka menyangka bahwa kebahagiaan itu dengan tahta, kedudukan yang tinggi, kerajaan, jabatan, ini tidak benar, tidak akan memberi manfaat semua ini bagi manusia sebagaimana tidaklah memberi manfaat semua ini kepada Firaun yang menyombongkan diri dan melampaui batas dengan kerajaannya sampai dia mengaku sebagai Robbnya alam semesta:

(??????? ????? ????????? ?????????* ?????????? ??????? ??????? ????????? ??????????) 

?? Sebagian mereka menganggap bahwa kebahagiaan itu dengan beraneka ragamnya makanan dan minuman dan nafsu belaka, ini juga tidak benar, karena Allah ta'ala menyebutkan tentang keadaan orang kafir:

(??????????? ???????? ?????????????? ????????????? ????? ???????? ??????????? ?????????? ??????? ??????)

""Dan orang2 yg kafir mereka bernikmat-nikmat dan makan sebagaimana hewan makan dan Nerakalah yg akan menjadi tempat kembali mereka"". (QS Muhammad 12)

? Berarti apa yang dimaksud dengan kebahagiaan? Kebahagiaan itu dengan amal sholih, dan takwa kepada Allah."
ULAMA KIBAR;MENUAI FAEDAH SIKAP QANA'AH;"Sungguh, ada banyak faedah qana’ah. Faedah itu akan melahirkan ketenteraman batin, rasa aman, serta kejernihan hidup di dunia sebelum akhirat. Di antara faedah itu adalah :

? KALBU AKAN MAKIN TERISI DENGAN IMAN DAN YAKIN KEPADA ALLAH

? Orang yang qana’ah akan ridha terhadap semua yang diputuskan dan apa yang dibagikan untuk seluruh manusia.

Ia yakin bahwa apa yang telah Allah azza wa jalla putuskan pasti mengandung hikmah besar dan itulah yang terbaik untuknya.

Ia tetap percaya, apa yang di tangan Allah azza wa jalla lebih baik daripada pemberian yang diharap dari tangan manusia.

Bila seorang tidak memiliki qana’ah, iman, dan keyakinannya menjadi lemah, ia lebih berharap kepada manusia daripada belas kasih Allah azza wa jalla.

? QANA'AH AKAN MEMPERBAIKI TARAF HIDUP

? Taraf hidup seorang diukur dari sejauh mana ia merasakan kebahagiaan. Semakin bahagia, maka taraf hidupnya berarti meningkat pula.

Qana’ah adalah sebab seorang mendapat kelapangan dan kebahagiaan. Oleh sebab itu bisa kita katakan bahwa orang yang paling qana’ah –sekalipun miskin dari sisi ekonomi– dialah yang paling makmur dan tinggi taraf hidupnya

? QANA'AH ADALAH BUKTI SYUKUR KEPADA SANG PEMBERI NIKMAT

? Seorang apabila merasa cukup puas dan ridha dengan rezeki yang Allah berikan, ia akan bersyukur atas rezeki tersebut.

Namun bila rezeki yang dia terima dianggap sedikit, maka ia tidak akan bersungguh-sungguh dalam mengungkap rasa syukur.

Malah yang dikhawatirkan ia jengkel karena yang didapat tak seberapa. Jika seseorang jengkel dengan sedikitnya rezeki, sesungguhnya dia sedang mengarahkan kejengkelan kepada Sang Pemberi rezeki. Wal ‘iyadzu billah.

? DIGEMBIRAKAN DAN DIBERI UNTUNG BESAR

? Dari Abdullah bin ‘Amr radhiyallahu ‘anhuma bahwa Rasulullah shallallahu ‘alaihi wasallam bersabda yang artinya :

_“Sungguh amat beruntung seorang yang telah masuk Islam dan diberi rezeki yang cukup lalu Allah menjadikan jiwanya qana’ah terhadap apapun yang Dia berikan untuknya.”_ ? [Shahih Muslim]

? MENDAPAT KEKAYAAN HAKIKI

? _“Sesungguhnya kekayaan sejati adalah kekayaan hati (merasa cukup dengan pemberian Allah) dan kemiskinan yang sesungguhnya adalah hati yang miskin (masih terus merasa kurang dan kurang).”_ ? [Shahih An Nasai dishahihkan Al Albani]

? TERBENTENGI DARI DOSA

? Hasad, gibah, dusta, mengadu sesama, adalah beberapa contoh dosa yang sangat berbahaya. Dosa-dosa ini seringnya dilakukan karena keinginan mengejar dunia dan takut kehilangannya.

? Lain halnya jika engkau memiliki jiwa qana’ah. Engkau tidak akan tertarik untuk melakukan dosa-dosa itu. Hatimu tidak akan dirasuki oleh rasa hasad terhadap saudaramu. Tidak merasa iri ketika Allah memberi kepada mereka sementara Dia menahan rezeki itu darimu.

? Ditulis oleh :
Ustadz Fauzi Abu Humayd hafizhahullah"
SYAIKH IBN UTSAIMIN;BACAAN TASBIH LEBIH BAIK DARIPADA DUNIA DAN SEISINYA;"Berkata Syaikh Muhammad Ibnu Utsaimin rahimahullah ta'ala :

Diantara perkara yang telah dimaklumi adalah bahwa satu kali tasbih (subhanallah) yang ada pada lembaran amalan manusia lebih baik daripada dunia dan seisinya.

? Karena dunia dan seisinya akan hilang dan sirna. Sementara tasbih dan amal shalih akan terus kekal.

? ALLAH ?? ??? berfirman : 

_“Harta dan anak-anak adalah perhiasan kehidupan dunia. Namun amal kebaikan yang terus menerus itu lebih baik pahalanya disisi Rabbmu dan lebih baik harapannya.”_ ? [QS. al-Kahfi 46]

? [Syarh Riyadhus Shalihin 3/378]"
SYAIKH IBN BAZ;TANDA SESEORANG YANG ALLAH TIDAK MENGINGINKAN KEBAIKAN UNTUKNYA;"?? Asy-Syaikh Abdul Aziz bin Baz rahimahullah berkata:

«?? ?? ????? ?? ????? ???? ????? ?? ??? ???? ?? ????? ??? ??? ??? ??? ??? ?????»

""Siapa yang tidak mau mempelajari ilmu agama, maka dia dia adalah seorang yang terlantar yang Allah tidak menginginkan kebaikan untuknya, laa haula wa laa quwwata illa billah.""

? Majmu’ul Fatawa, jilid 7 hlm. 230

? Sumber || https://twitter.com/fzmhm12121/status/866910316977901568"
ULAMA SALAF;ARTI KADAR KESEDIHANMU;"? Berkata Imam Malik bin Dinar Rahimahullah Ta'ala :

Sesungguhnya badan bila sakit maka tidak akan berfaidah makanan dan minuman tidak enak pula tidur dan istirahatnya.

Demikian pula keadaan hati bila ia sangat terikat dengan cinta dunia maka takkan bermanfaat nasihat-nasihat untuknya. 

Sesuai dengan kadar kesedihanmu karena dunia sebesar itu pula kerisauan akhirat akan keluar. 

Sesuai dengan kadar kesedihanmu karena akhirat sebesar itu pula kerisauan dunia akan keluar dari hatimu.

? [Sifatus Shofwah 2/165]"
SYAIKH AL ALBANI;HARAM MEMBERI SUSU BUATAN KEPADA BAYI TANPA ALASAN SYAR’I;"? Rasulullah shallallahu alaihi wasallam menyebutkan bahwa dalam mimpi beliau melihat azab sebagian pelaku maksiat. Di antara yang beliau lihat:

""?? ????? ??. ???? ??? ????? ???? ????? ??????. ???: ?? ??? ????? ???: ???? ????? ????? ?????? ???????.""

""Kemudian aku dibawa pergi. Tiba-tiba aku melihat para wanita yang buah dadanya dilahap oleh ular-ular. Aku bertanya: Ada apa dengan mereka itu? Dijawab: Mereka adalah para wanita yang menghalangi anak-anak mereka dari air susu mereka.""

? Hadits di atas diriwayatkan oleh Ibnu Hibban, dan dinyatakan shahih oleh Al-'Allamah Al-Albani dalam Shahihul Mawarid (no. 1509).

? Al-'Allamah Al-Albani rahimahullah memberi keterangan:

""??? ????? ??? ??? ????? ?? ????? ??? ??????? ?? ??????? ?????? ?????? ???????? ?? ??? ??? ????. ?????? ???? ??? ???? ??????? ?????? ???? ????????? ?? ????????."" 

""Dalam hadits ini ada peringatan yang keras tentang haramnya perbuatan sebagian ibu yang memberi susu kepada anak mereka dengan susu buatan, tanpa ada alasan yang syar’i. Mereka melakukan hal itu untuk menjaga buah dada mereka agar tetap kencang. Hal ini mereka lakukan karena tasyabbuh (menyerupai) perbuatan para wanita kafir dan fasik.”

?????? ?????? ??? ????? ?????? ?????? ??????? ?? ??????.

?? Oleh karena itu, hendaknya para wanita bersemangat menyusui anak-anak mereka dengan ASI, semampu mereka.

? Sumber:
Dari http://www.sahab.net/forums/index.php?showtopic=152370#entry712365"
